Province,anio,pib
Araba/Alava,2000-01-01,22.134
Albacete,2000-01-01,12.032
Alicante/Alacant,2000-01-01,14.140
Almeria,2000-01-01,15.192
Avila,2000-01-01,12.532
Badajoz,2000-01-01,10.472
Illes Balears,2000-01-01,20.045
Barcelona,2000-01-01,19.380
Burgos,2000-01-01,17.824
Caceres,2000-01-01,10.520
Cadiz,2000-01-01,12.147
Castellon/Castello,2000-01-01,18.402
Ceuta,2000-01-01,13.367
Ciudad Real,2000-01-01,12.812
Cordoba,2000-01-01,10.749
A Coruna,2000-01-01,12.722
Cuenca,2000-01-01,12.123
Girona,2000-01-01,19.517
Granada,2000-01-01,10.604
Guadalajara,2000-01-01,14.406
Gipuzkoa,2000-01-01,20.046
Huelva,2000-01-01,13.036
Huesca,2000-01-01,16.215
Jaen,2000-01-01,10.432
Leon,2000-01-01,13.152
Lleida,2000-01-01,19.230
La Rioja,2000-01-01,17.965
Lugo,2000-01-01,11.835
Madrid,2000-01-01,21.177
Malaga,2000-01-01,11.778
Melilla,2000-01-01,13.350
Murcia,2000-01-01,13.679
Navarra,2000-01-01,20.562
Ourense,2000-01-01,11.159
Asturias,2000-01-01,13.279
Palencia,2000-01-01,14.571
Las Palmas,2000-01-01,15.521
Pontevedra,2000-01-01,12.672
Salamanca,2000-01-01,12.537
Santa Cruz de Tenerife,2000-01-01,14.398
Cantabria,2000-01-01,14.966
Segovia,2000-01-01,15.776
Sevilla,2000-01-01,12.121
Soria,2000-01-01,15.771
Tarragona,2000-01-01,20.226
Teruel,2000-01-01,17.137
Toledo,2000-01-01,13.063
Valencia,2000-01-01,15.276
Valladolid,2000-01-01,16.053
Bizkaia,2000-01-01,18.605
Zamora,2000-01-01,11.051
Zaragoza,2000-01-01,17.189
Araba/Alava,2001-01-01,23.917
Albacete,2001-01-01,13.175
Alicante/Alacant,2001-01-01,15.391
Almeria,2001-01-01,16.053
Avila,2001-01-01,13.069
Badajoz,2001-01-01,11.198
Illes Balears,2001-01-01,21.350
Barcelona,2001-01-01,20.798
Burgos,2001-01-01,18.608
Caceres,2001-01-01,11.333
Cadiz,2001-01-01,12.979
Castellon/Castello,2001-01-01,19.504
Ceuta,2001-01-01,13.813
Ciudad Real,2001-01-01,13.581
Cordoba,2001-01-01,11.378
A Coruna,2001-01-01,13.634
Cuenca,2001-01-01,12.932
Girona,2001-01-01,21.408
Granada,2001-01-01,11.482
Guadalajara,2001-01-01,15.921
Gipuzkoa,2001-01-01,21.983
Huelva,2001-01-01,13.366
Huesca,2001-01-01,17.992
Jaen,2001-01-01,11.288
Leon,2001-01-01,14.196
Lleida,2001-01-01,21.049
La Rioja,2001-01-01,19.093
Lugo,2001-01-01,12.924
Madrid,2001-01-01,22.875
Malaga,2001-01-01,13.067
Melilla,2001-01-01,13.708
Murcia,2001-01-01,14.704
Navarra,2001-01-01,21.747
Ourense,2001-01-01,12.300
Asturias,2001-01-01,14.340
Palencia,2001-01-01,15.669
Las Palmas,2001-01-01,16.700
Pontevedra,2001-01-01,13.611
Salamanca,2001-01-01,13.851
Santa Cruz de Tenerife,2001-01-01,15.530
Cantabria,2001-01-01,16.156
Segovia,2001-01-01,16.429
Sevilla,2001-01-01,13.142
Soria,2001-01-01,16.343
Tarragona,2001-01-01,21.970
Teruel,2001-01-01,18.328
Toledo,2001-01-01,14.164
Valencia,2001-01-01,16.613
Valladolid,2001-01-01,17.165
Bizkaia,2001-01-01,19.474
Zamora,2001-01-01,11.869
Zaragoza,2001-01-01,18.273
Araba/Alava,2002-01-01,25.679
Albacete,2002-01-01,14.190
Alicante/Alacant,2002-01-01,15.868
Almeria,2002-01-01,16.970
Avila,2002-01-01,13.561
Badajoz,2002-01-01,11.917
Illes Balears,2002-01-01,21.837
Barcelona,2002-01-01,21.513
Burgos,2002-01-01,19.557
Caceres,2002-01-01,12.137
Cadiz,2002-01-01,13.718
Castellon/Castello,2002-01-01,20.011
Ceuta,2002-01-01,14.680
Ciudad Real,2002-01-01,14.640
Cordoba,2002-01-01,12.006
A Coruna,2002-01-01,14.825
Cuenca,2002-01-01,13.638
Girona,2002-01-01,22.806
Granada,2002-01-01,12.505
Guadalajara,2002-01-01,16.959
Gipuzkoa,2002-01-01,22.769
Huelva,2002-01-01,14.010
Huesca,2002-01-01,19.295
Jaen,2002-01-01,11.767
Leon,2002-01-01,14.888
Lleida,2002-01-01,22.494
La Rioja,2002-01-01,19.791
Lugo,2002-01-01,13.497
Madrid,2002-01-01,23.904
Malaga,2002-01-01,13.587
Melilla,2002-01-01,14.478
Murcia,2002-01-01,15.531
Navarra,2002-01-01,22.841
Ourense,2002-01-01,13.398
Asturias,2002-01-01,15.188
Palencia,2002-01-01,17.422
Las Palmas,2002-01-01,17.258
Pontevedra,2002-01-01,14.137
Salamanca,2002-01-01,14.618
Santa Cruz de Tenerife,2002-01-01,16.328
Cantabria,2002-01-01,17.099
Segovia,2002-01-01,17.737
Sevilla,2002-01-01,14.323
Soria,2002-01-01,17.775
Tarragona,2002-01-01,23.728
Teruel,2002-01-01,19.449
Toledo,2002-01-01,14.670
Valencia,2002-01-01,17.562
Valladolid,2002-01-01,18.109
Bizkaia,2002-01-01,20.565
Zamora,2002-01-01,12.754
Zaragoza,2002-01-01,19.546
Araba/Alava,2003-01-01,26.841
Albacete,2003-01-01,14.595
Alicante/Alacant,2003-01-01,16.400
Almeria,2003-01-01,17.668
Avila,2003-01-01,14.157
Badajoz,2003-01-01,12.738
Illes Balears,2003-01-01,22.109
Barcelona,2003-01-01,22.485
Burgos,2003-01-01,20.855
Caceres,2003-01-01,12.841
Cadiz,2003-01-01,14.409
Castellon/Castello,2003-01-01,20.407
Ceuta,2003-01-01,15.593
Ciudad Real,2003-01-01,15.922
Cordoba,2003-01-01,13.095
A Coruna,2003-01-01,15.812
Cuenca,2003-01-01,14.518
Girona,2003-01-01,23.554
Granada,2003-01-01,13.362
Guadalajara,2003-01-01,17.579
Gipuzkoa,2003-01-01,23.506
Huelva,2003-01-01,14.964
Huesca,2003-01-01,20.409
Jaen,2003-01-01,13.457
Leon,2003-01-01,15.540
Lleida,2003-01-01,23.785
La Rioja,2003-01-01,20.933
Lugo,2003-01-01,14.440
Madrid,2003-01-01,24.973
Malaga,2003-01-01,14.470
Melilla,2003-01-01,15.570
Murcia,2003-01-01,16.376
Navarra,2003-01-01,23.848
Ourense,2003-01-01,14.158
Asturias,2003-01-01,16.039
Palencia,2003-01-01,18.695
Las Palmas,2003-01-01,17.850
Pontevedra,2003-01-01,15.128
Salamanca,2003-01-01,15.779
Santa Cruz de Tenerife,2003-01-01,17.073
Cantabria,2003-01-01,17.801
Segovia,2003-01-01,18.650
Sevilla,2003-01-01,15.373
Soria,2003-01-01,18.825
Tarragona,2003-01-01,24.375
Teruel,2003-01-01,19.843
Toledo,2003-01-01,15.653
Valencia,2003-01-01,18.284
Valladolid,2003-01-01,18.869
Bizkaia,2003-01-01,21.845
Zamora,2003-01-01,13.709
Zaragoza,2003-01-01,20.722
Araba/Alava,2004-01-01,28.472
Albacete,2004-01-01,15.409
Alicante/Alacant,2004-01-01,17.216
Almeria,2004-01-01,18.272
Avila,2004-01-01,15.269
Badajoz,2004-01-01,13.280
Illes Balears,2004-01-01,22.975
Barcelona,2004-01-01,23.586
Burgos,2004-01-01,22.161
Caceres,2004-01-01,14.144
Cadiz,2004-01-01,15.566
Castellon/Castello,2004-01-01,20.808
Ceuta,2004-01-01,16.358
Ciudad Real,2004-01-01,16.994
Cordoba,2004-01-01,14.160
A Coruna,2004-01-01,16.963
Cuenca,2004-01-01,16.023
Girona,2004-01-01,24.600
Granada,2004-01-01,14.112
Guadalajara,2004-01-01,17.935
Gipuzkoa,2004-01-01,24.922
Huelva,2004-01-01,16.195
Huesca,2004-01-01,21.296
Jaen,2004-01-01,13.981
Leon,2004-01-01,16.281
Lleida,2004-01-01,24.398
La Rioja,2004-01-01,21.689
Lugo,2004-01-01,15.477
Madrid,2004-01-01,26.394
Malaga,2004-01-01,15.649
Melilla,2004-01-01,16.650
Murcia,2004-01-01,17.152
Navarra,2004-01-01,25.096
Ourense,2004-01-01,14.803
Asturias,2004-01-01,17.055
Palencia,2004-01-01,19.805
Las Palmas,2004-01-01,18.123
Pontevedra,2004-01-01,16.376
Salamanca,2004-01-01,16.590
Santa Cruz de Tenerife,2004-01-01,17.824
Cantabria,2004-01-01,18.744
Segovia,2004-01-01,19.416
Sevilla,2004-01-01,16.309
Soria,2004-01-01,20.172
Tarragona,2004-01-01,25.960
Teruel,2004-01-01,20.739
Toledo,2004-01-01,16.049
Valencia,2004-01-01,19.138
Valladolid,2004-01-01,19.992
Bizkaia,2004-01-01,23.073
Zamora,2004-01-01,14.799
Zaragoza,2004-01-01,21.912
Araba/Alava,2005-01-01,30.538
Albacete,2005-01-01,16.415
Alicante/Alacant,2005-01-01,18.054
Almeria,2005-01-01,19.070
Avila,2005-01-01,15.706
Badajoz,2005-01-01,14.745
Illes Balears,2005-01-01,24.054
Barcelona,2005-01-01,25.117
Burgos,2005-01-01,23.538
Caceres,2005-01-01,14.672
Cadiz,2005-01-01,16.455
Castellon/Castello,2005-01-01,22.550
Ceuta,2005-01-01,17.135
Ciudad Real,2005-01-01,17.523
Cordoba,2005-01-01,14.955
A Coruna,2005-01-01,18.336
Cuenca,2005-01-01,16.987
Girona,2005-01-01,25.449
Granada,2005-01-01,14.830
Guadalajara,2005-01-01,19.263
Gipuzkoa,2005-01-01,26.396
Huelva,2005-01-01,17.248
Huesca,2005-01-01,22.077
Jaen,2005-01-01,14.307
Leon,2005-01-01,17.801
Lleida,2005-01-01,24.396
La Rioja,2005-01-01,22.851
Lugo,2005-01-01,17.359
Madrid,2005-01-01,28.020
Malaga,2005-01-01,17.026
Melilla,2005-01-01,17.256
Murcia,2005-01-01,18.178
Navarra,2005-01-01,26.586
Ourense,2005-01-01,15.909
Asturias,2005-01-01,18.482
Palencia,2005-01-01,21.133
Las Palmas,2005-01-01,18.554
Pontevedra,2005-01-01,17.434
Salamanca,2005-01-01,17.232
Santa Cruz de Tenerife,2005-01-01,18.877
Cantabria,2005-01-01,19.981
Segovia,2005-01-01,20.741
Sevilla,2005-01-01,17.573
Soria,2005-01-01,20.385
Tarragona,2005-01-01,25.448
Teruel,2005-01-01,22.355
Toledo,2005-01-01,17.557
Valencia,2005-01-01,19.886
Valladolid,2005-01-01,21.379
Bizkaia,2005-01-01,24.749
Zamora,2005-01-01,15.168
Zaragoza,2005-01-01,23.225
Araba/Alava,2006-01-01,33.477
Albacete,2006-01-01,17.444
Alicante/Alacant,2006-01-01,18.901
Almeria,2006-01-01,19.852
Avila,2006-01-01,16.832
Badajoz,2006-01-01,15.534
Illes Balears,2006-01-01,25.259
Barcelona,2006-01-01,26.688
Burgos,2006-01-01,24.580
Caceres,2006-01-01,15.736
Cadiz,2006-01-01,17.473
Castellon/Castello,2006-01-01,23.992
Ceuta,2006-01-01,18.107
Ciudad Real,2006-01-01,18.651
Cordoba,2006-01-01,16.267
A Coruna,2006-01-01,19.678
Cuenca,2006-01-01,18.350
Girona,2006-01-01,27.504
Granada,2006-01-01,16.403
Guadalajara,2006-01-01,19.749
Gipuzkoa,2006-01-01,28.823
Huelva,2006-01-01,17.811
Huesca,2006-01-01,23.655
Jaen,2006-01-01,15.348
Leon,2006-01-01,18.982
Lleida,2006-01-01,26.668
La Rioja,2006-01-01,24.361
Lugo,2006-01-01,18.661
Madrid,2006-01-01,30.136
Malaga,2006-01-01,17.805
Melilla,2006-01-01,18.066
Murcia,2006-01-01,19.274
Navarra,2006-01-01,28.111
Ourense,2006-01-01,17.063
Asturias,2006-01-01,20.059
Palencia,2006-01-01,22.119
Las Palmas,2006-01-01,19.353
Pontevedra,2006-01-01,19.036
Salamanca,2006-01-01,18.197
Santa Cruz de Tenerife,2006-01-01,19.628
Cantabria,2006-01-01,21.184
Segovia,2006-01-01,21.948
Sevilla,2006-01-01,18.590
Soria,2006-01-01,21.548
Tarragona,2006-01-01,26.476
Teruel,2006-01-01,23.667
Toledo,2006-01-01,18.777
Valencia,2006-01-01,21.248
Valladolid,2006-01-01,22.590
Bizkaia,2006-01-01,26.141
Zamora,2006-01-01,16.727
Zaragoza,2006-01-01,24.806
Araba/Alava,2007-01-01,35.813
Albacete,2007-01-01,18.122
Alicante/Alacant,2007-01-01,19.313
Almeria,2007-01-01,21.034
Avila,2007-01-01,18.203
Badajoz,2007-01-01,16.723
Illes Balears,2007-01-01,26.092
Barcelona,2007-01-01,28.112
Burgos,2007-01-01,25.952
Caceres,2007-01-01,16.673
Cadiz,2007-01-01,18.149
Castellon/Castello,2007-01-01,23.807
Ceuta,2007-01-01,19.051
Ciudad Real,2007-01-01,19.950
Cordoba,2007-01-01,17.401
A Coruna,2007-01-01,21.260
Cuenca,2007-01-01,19.812
Girona,2007-01-01,28.130
Granada,2007-01-01,17.286
Guadalajara,2007-01-01,20.539
Gipuzkoa,2007-01-01,30.538
Huelva,2007-01-01,18.331
Huesca,2007-01-01,25.828
Jaen,2007-01-01,16.530
Leon,2007-01-01,20.032
Lleida,2007-01-01,27.890
La Rioja,2007-01-01,25.488
Lugo,2007-01-01,19.592
Madrid,2007-01-01,31.555
Malaga,2007-01-01,18.316
Melilla,2007-01-01,18.495
Murcia,2007-01-01,20.228
Navarra,2007-01-01,29.307
Ourense,2007-01-01,17.981
Asturias,2007-01-01,21.416
Palencia,2007-01-01,24.196
Las Palmas,2007-01-01,20.021
Pontevedra,2007-01-01,20.494
Salamanca,2007-01-01,19.022
Santa Cruz de Tenerife,2007-01-01,20.554
Cantabria,2007-01-01,22.423
Segovia,2007-01-01,22.808
Sevilla,2007-01-01,19.814
Soria,2007-01-01,22.897
Tarragona,2007-01-01,27.469
Teruel,2007-01-01,24.955
Toledo,2007-01-01,19.742
Valencia,2007-01-01,22.610
Valladolid,2007-01-01,23.792
Bizkaia,2007-01-01,27.546
Zamora,2007-01-01,17.805
Zaragoza,2007-01-01,26.312
Araba/Alava,2008-01-01,37.165
Albacete,2008-01-01,18.955
Alicante/Alacant,2008-01-01,19.384
Almeria,2008-01-01,20.995
Avila,2008-01-01,18.540
Badajoz,2008-01-01,17.475
Illes Balears,2008-01-01,26.377
Barcelona,2008-01-01,28.335
Burgos,2008-01-01,26.802
Caceres,2008-01-01,16.909
Cadiz,2008-01-01,18.128
Castellon/Castello,2008-01-01,23.492
Ceuta,2008-01-01,19.584
Ciudad Real,2008-01-01,20.369
Cordoba,2008-01-01,17.529
A Coruna,2008-01-01,22.051
Cuenca,2008-01-01,19.770
Girona,2008-01-01,27.846
Granada,2008-01-01,17.521
Guadalajara,2008-01-01,20.965
Gipuzkoa,2008-01-01,30.720
Huelva,2008-01-01,18.634
Huesca,2008-01-01,27.230
Jaen,2008-01-01,16.739
Leon,2008-01-01,20.323
Lleida,2008-01-01,28.390
La Rioja,2008-01-01,25.954
Lugo,2008-01-01,19.968
Madrid,2008-01-01,32.125
Malaga,2008-01-01,18.480
Melilla,2008-01-01,18.800
Murcia,2008-01-01,20.636
Navarra,2008-01-01,29.937
Ourense,2008-01-01,18.819
Asturias,2008-01-01,21.987
Palencia,2008-01-01,24.788
Las Palmas,2008-01-01,20.147
Pontevedra,2008-01-01,21.205
Salamanca,2008-01-01,19.280
Santa Cruz de Tenerife,2008-01-01,20.835
Cantabria,2008-01-01,22.852
Segovia,2008-01-01,22.270
Sevilla,2008-01-01,19.946
Soria,2008-01-01,23.364
Tarragona,2008-01-01,27.654
Teruel,2008-01-01,25.799
Toledo,2008-01-01,19.724
Valencia,2008-01-01,23.079
Valladolid,2008-01-01,23.816
Bizkaia,2008-01-01,28.810
Zamora,2008-01-01,18.159
Zaragoza,2008-01-01,26.462
Araba/Alava,2009-01-01,34.115
Albacete,2009-01-01,18.798
Alicante/Alacant,2009-01-01,18.144
Almeria,2009-01-01,19.151
Avila,2009-01-01,17.999
Badajoz,2009-01-01,16.896
Illes Balears,2009-01-01,24.832
Barcelona,2009-01-01,27.016
Burgos,2009-01-01,25.414
Caceres,2009-01-01,16.489
Cadiz,2009-01-01,16.899
Castellon/Castello,2009-01-01,22.257
Ceuta,2009-01-01,19.077
Ciudad Real,2009-01-01,19.341
Cordoba,2009-01-01,16.816
A Coruna,2009-01-01,21.594
Cuenca,2009-01-01,18.959
Girona,2009-01-01,26.596
Granada,2009-01-01,16.639
Guadalajara,2009-01-01,19.591
Gipuzkoa,2009-01-01,29.132
Huelva,2009-01-01,17.028
Huesca,2009-01-01,25.509
Jaen,2009-01-01,16.347
Leon,2009-01-01,20.015
Lleida,2009-01-01,27.615
La Rioja,2009-01-01,24.741
Lugo,2009-01-01,19.179
Madrid,2009-01-01,31.364
Malaga,2009-01-01,17.762
Melilla,2009-01-01,18.284
Murcia,2009-01-01,19.383
Navarra,2009-01-01,28.569
Ourense,2009-01-01,17.897
Asturias,2009-01-01,20.778
Palencia,2009-01-01,23.740
Las Palmas,2009-01-01,19.219
Pontevedra,2009-01-01,20.048
Salamanca,2009-01-01,19.105
Santa Cruz de Tenerife,2009-01-01,19.641
Cantabria,2009-01-01,21.834
Segovia,2009-01-01,21.250
Sevilla,2009-01-01,19.124
Soria,2009-01-01,22.193
Tarragona,2009-01-01,26.518
Teruel,2009-01-01,24.210
Toledo,2009-01-01,18.532
Valencia,2009-01-01,21.712
Valladolid,2009-01-01,22.830
Bizkaia,2009-01-01,27.922
Zamora,2009-01-01,17.803
Zaragoza,2009-01-01,25.207
Araba/Alava,2010-01-01,33.818
Albacete,2010-01-01,18.691
Alicante/Alacant,2010-01-01,17.881
Almeria,2010-01-01,18.616
Avila,2010-01-01,17.998
Badajoz,2010-01-01,16.891
Illes Balears,2010-01-01,24.638
Barcelona,2010-01-01,27.119
Burgos,2010-01-01,25.575
Caceres,2010-01-01,17.049
Cadiz,2010-01-01,17.054
Castellon/Castello,2010-01-01,22.405
Ceuta,2010-01-01,18.532
Ciudad Real,2010-01-01,19.611
Cordoba,2010-01-01,16.641
A Coruna,2010-01-01,21.857
Cuenca,2010-01-01,19.587
Girona,2010-01-01,26.772
Granada,2010-01-01,16.431
Guadalajara,2010-01-01,19.778
Gipuzkoa,2010-01-01,29.564
Huelva,2010-01-01,17.351
Huesca,2010-01-01,26.084
Jaen,2010-01-01,16.388
Leon,2010-01-01,19.926
Lleida,2010-01-01,27.544
La Rioja,2010-01-01,25.035
Lugo,2010-01-01,19.985
Madrid,2010-01-01,31.059
Malaga,2010-01-01,17.608
Melilla,2010-01-01,17.661
Murcia,2010-01-01,19.479
Navarra,2010-01-01,28.487
Ourense,2010-01-01,18.515
Asturias,2010-01-01,20.992
Palencia,2010-01-01,23.498
Las Palmas,2010-01-01,18.796
Pontevedra,2010-01-01,19.720
Salamanca,2010-01-01,18.370
Santa Cruz de Tenerife,2010-01-01,19.964
Cantabria,2010-01-01,21.850
Segovia,2010-01-01,21.474
Sevilla,2010-01-01,18.891
Soria,2010-01-01,23.036
Tarragona,2010-01-01,26.997
Teruel,2010-01-01,24.291
Toledo,2010-01-01,17.844
Valencia,2010-01-01,21.786
Valladolid,2010-01-01,23.521
Bizkaia,2010-01-01,28.342
Zamora,2010-01-01,18.235
Zaragoza,2010-01-01,25.371
Araba/Alava,2011-01-01,33.921
Albacete,2011-01-01,18.283
Alicante/Alacant,2011-01-01,17.210
Almeria,2011-01-01,17.294
Avila,2011-01-01,18.087
Badajoz,2011-01-01,16.545
Illes Balears,2011-01-01,24.324
Barcelona,2011-01-01,26.698
Burgos,2011-01-01,25.762
Caceres,2011-01-01,16.585
Cadiz,2011-01-01,16.881
Castellon/Castello,2011-01-01,22.764
Ceuta,2011-01-01,17.986
Ciudad Real,2011-01-01,19.472
Cordoba,2011-01-01,16.403
A Coruna,2011-01-01,21.360
Cuenca,2011-01-01,19.863
Girona,2011-01-01,26.168
Granada,2011-01-01,16.347
Guadalajara,2011-01-01,19.687
Gipuzkoa,2011-01-01,29.458
Huelva,2011-01-01,17.882
Huesca,2011-01-01,25.978
Jaen,2011-01-01,16.349
Leon,2011-01-01,19.610
Lleida,2011-01-01,27.231
La Rioja,2011-01-01,24.748
Lugo,2011-01-01,20.083
Madrid,2011-01-01,31.147
Malaga,2011-01-01,17.160
Melilla,2011-01-01,17.144
Murcia,2011-01-01,18.957
Navarra,2011-01-01,28.279
Ourense,2011-01-01,18.766
Asturias,2011-01-01,20.706
Palencia,2011-01-01,23.715
Las Palmas,2011-01-01,18.561
Pontevedra,2011-01-01,19.172
Salamanca,2011-01-01,18.285
Santa Cruz de Tenerife,2011-01-01,19.688
Cantabria,2011-01-01,21.435
Segovia,2011-01-01,21.034
Sevilla,2011-01-01,18.686
Soria,2011-01-01,23.012
Tarragona,2011-01-01,26.403
Teruel,2011-01-01,24.009
Toledo,2011-01-01,17.254
Valencia,2011-01-01,21.506
Valladolid,2011-01-01,23.110
Bizkaia,2011-01-01,27.849
Zamora,2011-01-01,18.608
Zaragoza,2011-01-01,24.939
Araba/Alava,2012-01-01,33.082
Albacete,2012-01-01,17.836
Alicante/Alacant,2012-01-01,16.425
Almeria,2012-01-01,17.031
Avila,2012-01-01,17.895
Badajoz,2012-01-01,15.662
Illes Balears,2012-01-01,23.810
Barcelona,2012-01-01,25.961
Burgos,2012-01-01,25.468
Caceres,2012-01-01,16.442
Cadiz,2012-01-01,16.196
Castellon/Castello,2012-01-01,21.469
Ceuta,2012-01-01,17.094
Ciudad Real,2012-01-01,18.894
Cordoba,2012-01-01,15.479
A Coruna,2012-01-01,20.548
Cuenca,2012-01-01,19.540
Girona,2012-01-01,25.545
Granada,2012-01-01,15.971
Guadalajara,2012-01-01,18.989
Gipuzkoa,2012-01-01,28.781
Huelva,2012-01-01,17.373
Huesca,2012-01-01,24.813
Jaen,2012-01-01,14.677
Leon,2012-01-01,19.154
Lleida,2012-01-01,27.041
La Rioja,2012-01-01,23.961
Lugo,2012-01-01,19.899
Madrid,2012-01-01,30.566
Malaga,2012-01-01,16.257
Melilla,2012-01-01,16.035
Murcia,2012-01-01,18.444
Navarra,2012-01-01,27.184
Ourense,2012-01-01,18.595
Asturias,2012-01-01,19.867
Palencia,2012-01-01,22.517
Las Palmas,2012-01-01,17.743
Pontevedra,2012-01-01,18.530
Salamanca,2012-01-01,17.716
Santa Cruz de Tenerife,2012-01-01,18.945
Cantabria,2012-01-01,20.691
Segovia,2012-01-01,20.171
Sevilla,2012-01-01,18.194
Soria,2012-01-01,21.833
Tarragona,2012-01-01,25.539
Teruel,2012-01-01,23.643
Toledo,2012-01-01,16.425
Valencia,2012-01-01,20.629
Valladolid,2012-01-01,22.355
Bizkaia,2012-01-01,27.224
Zamora,2012-01-01,18.651
Zaragoza,2012-01-01,23.874
Araba/Alava,2013-01-01,33.371
Albacete,2013-01-01,17.802
Alicante/Alacant,2013-01-01,16.346
Almeria,2013-01-01,16.759
Avila,2013-01-01,17.565
Badajoz,2013-01-01,15.742
Illes Balears,2013-01-01,23.719
Barcelona,2013-01-01,25.975
Burgos,2013-01-01,24.696
Caceres,2013-01-01,16.511
Cadiz,2013-01-01,15.843
Castellon/Castello,2013-01-01,21.644
Ceuta,2013-01-01,17.229
Ciudad Real,2013-01-01,18.416
Cordoba,2013-01-01,15.710
A Coruna,2013-01-01,20.621
Cuenca,2013-01-01,19.566
Girona,2013-01-01,25.202
Granada,2013-01-01,15.877
Guadalajara,2013-01-01,18.484
Gipuzkoa,2013-01-01,28.283
Huelva,2013-01-01,16.185
Huesca,2013-01-01,25.616
Jaen,2013-01-01,15.780
Leon,2013-01-01,18.654
Lleida,2013-01-01,27.463
La Rioja,2013-01-01,23.898
Lugo,2013-01-01,20.190
Madrid,2013-01-01,30.264
Malaga,2013-01-01,16.016
Melilla,2013-01-01,15.981
Murcia,2013-01-01,18.502
Navarra,2013-01-01,27.213
Ourense,2013-01-01,18.417
Asturias,2013-01-01,19.475
Palencia,2013-01-01,22.465
Las Palmas,2013-01-01,17.832
Pontevedra,2013-01-01,18.673
Salamanca,2013-01-01,17.326
Santa Cruz de Tenerife,2013-01-01,18.519
Cantabria,2013-01-01,20.299
Segovia,2013-01-01,19.974
Sevilla,2013-01-01,17.669
Soria,2013-01-01,22.241
Tarragona,2013-01-01,25.457
Teruel,2013-01-01,23.994
Toledo,2013-01-01,16.325
Valencia,2013-01-01,20.594
Valladolid,2013-01-01,22.240
Bizkaia,2013-01-01,26.850
Zamora,2013-01-01,18.112
Zaragoza,2013-01-01,23.946
Araba/Alava,2014-01-01,34.287
Albacete,2014-01-01,17.691
Alicante/Alacant,2014-01-01,16.875
Almeria,2014-01-01,17.515
Avila,2014-01-01,17.707
Badajoz,2014-01-01,15.710
Illes Balears,2014-01-01,24.454
Barcelona,2014-01-01,26.628
Burgos,2014-01-01,24.708
Caceres,2014-01-01,16.633
Cadiz,2014-01-01,15.703
Castellon/Castello,2014-01-01,22.025
Ceuta,2014-01-01,17.123
Ciudad Real,2014-01-01,18.087
Cordoba,2014-01-01,15.846
A Coruna,2014-01-01,20.607
Cuenca,2014-01-01,19.360
Girona,2014-01-01,25.692
Granada,2014-01-01,16.429
Guadalajara,2014-01-01,17.691
Gipuzkoa,2014-01-01,28.443
Huelva,2014-01-01,16.154
Huesca,2014-01-01,25.476
Jaen,2014-01-01,15.125
Leon,2014-01-01,18.774
Lleida,2014-01-01,27.801
La Rioja,2014-01-01,24.586
Lugo,2014-01-01,20.939
Madrid,2014-01-01,30.776
Malaga,2014-01-01,16.398
Melilla,2014-01-01,15.999
Murcia,2014-01-01,18.606
Navarra,2014-01-01,27.704
Ourense,2014-01-01,18.508
Asturias,2014-01-01,19.588
Palencia,2014-01-01,22.414
Las Palmas,2014-01-01,17.876
Pontevedra,2014-01-01,19.086
Salamanca,2014-01-01,17.553
Santa Cruz de Tenerife,2014-01-01,18.696
Cantabria,2014-01-01,20.747
Segovia,2014-01-01,20.527
Sevilla,2014-01-01,18.032
Soria,2014-01-01,22.749
Tarragona,2014-01-01,26.151
Teruel,2014-01-01,24.326
Toledo,2014-01-01,16.273
Valencia,2014-01-01,21.115
Valladolid,2014-01-01,22.706
Bizkaia,2014-01-01,27.560
Zamora,2014-01-01,18.132
Zaragoza,2014-01-01,24.378
Araba/Alava,2015-01-01,35.074
Albacete,2015-01-01,18.884
Alicante/Alacant,2015-01-01,17.635
Almeria,2015-01-01,18.724
Avila,2015-01-01,18.220
Badajoz,2015-01-01,16.731
Illes Balears,2015-01-01,25.732
Barcelona,2015-01-01,27.849
Burgos,2015-01-01,25.585
Caceres,2015-01-01,17.435
Cadiz,2015-01-01,16.255
Castellon/Castello,2015-01-01,23.661
Ceuta,2015-01-01,17.757
Ciudad Real,2015-01-01,19.744
Cordoba,2015-01-01,16.862
A Coruna,2015-01-01,21.843
Cuenca,2015-01-01,20.663
Girona,2015-01-01,26.721
Granada,2015-01-01,17.320
Guadalajara,2015-01-01,17.794
Gipuzkoa,2015-01-01,29.424
Huelva,2015-01-01,17.177
Huesca,2015-01-01,25.867
Jaen,2015-01-01,17.128
Leon,2015-01-01,19.456
Lleida,2015-01-01,29.091
La Rioja,2015-01-01,25.594
Lugo,2015-01-01,22.265
Madrid,2015-01-01,32.275
Malaga,2015-01-01,17.077
Melilla,2015-01-01,16.506
Murcia,2015-01-01,19.901
Navarra,2015-01-01,28.761
Ourense,2015-01-01,19.284
Asturias,2015-01-01,20.497
Palencia,2015-01-01,23.857
Las Palmas,2015-01-01,18.321
Pontevedra,2015-01-01,19.932
Salamanca,2015-01-01,18.417
Santa Cruz de Tenerife,2015-01-01,19.494
Cantabria,2015-01-01,21.329
Segovia,2015-01-01,21.609
Sevilla,2015-01-01,18.594
Soria,2015-01-01,23.763
Tarragona,2015-01-01,27.832
Teruel,2015-01-01,24.012
Toledo,2015-01-01,16.982
Valencia,2015-01-01,21.862
Valladolid,2015-01-01,23.737
Bizkaia,2015-01-01,28.852
Zamora,2015-01-01,18.984
Zaragoza,2015-01-01,25.194
Araba/Alava,2016-01-01,36.915
Albacete,2016-01-01,19.370
Alicante/Alacant,2016-01-01,18.474
Almeria,2016-01-01,20.196
Avila,2016-01-01,18.459
Badajoz,2016-01-01,17.297
Illes Balears,2016-01-01,26.922
Barcelona,2016-01-01,28.906
Burgos,2016-01-01,26.648
Caceres,2016-01-01,18.158
Cadiz,2016-01-01,16.784
Castellon/Castello,2016-01-01,24.744
Ceuta,2016-01-01,18.155
Ciudad Real,2016-01-01,20.435
Cordoba,2016-01-01,17.197
A Coruna,2016-01-01,22.710
Cuenca,2016-01-01,21.288
Girona,2016-01-01,27.792
Granada,2016-01-01,17.368
Guadalajara,2016-01-01,18.678
Gipuzkoa,2016-01-01,30.149
Huelva,2016-01-01,17.877
Huesca,2016-01-01,28.169
Jaen,2016-01-01,16.916
Leon,2016-01-01,19.604
Lleida,2016-01-01,28.316
La Rioja,2016-01-01,25.713
Lugo,2016-01-01,22.354
Madrid,2016-01-01,33.350
Malaga,2016-01-01,17.379
Melilla,2016-01-01,16.979
Murcia,2016-01-01,20.402
Navarra,2016-01-01,29.556
Ourense,2016-01-01,20.206
Asturias,2016-01-01,20.913
Palencia,2016-01-01,25.476
Las Palmas,2016-01-01,19.181
Pontevedra,2016-01-01,20.460
Salamanca,2016-01-01,19.332
Santa Cruz de Tenerife,2016-01-01,19.745
Cantabria,2016-01-01,22.072
Segovia,2016-01-01,21.738
Sevilla,2016-01-01,18.947
Soria,2016-01-01,24.056
Tarragona,2016-01-01,29.105
Teruel,2016-01-01,23.993
Toledo,2016-01-01,17.629
Valencia,2016-01-01,22.198
Valladolid,2016-01-01,25.043
Bizkaia,2016-01-01,29.532
Zamora,2016-01-01,19.366
Zaragoza,2016-01-01,26.118
Araba/Alava,2017-01-01,37.808
Albacete,2017-01-01,20.549
Alicante/Alacant,2017-01-01,19.327
Almeria,2017-01-01,21.467
Avila,2017-01-01,19.225
Badajoz,2017-01-01,18.349
Illes Balears,2017-01-01,28.001
Barcelona,2017-01-01,30.188
Burgos,2017-01-01,28.147
Caceres,2017-01-01,19.461
Cadiz,2017-01-01,17.584
Castellon/Castello,2017-01-01,26.989
Ceuta,2017-01-01,18.262
Ciudad Real,2017-01-01,21.349
Cordoba,2017-01-01,17.967
A Coruna,2017-01-01,23.331
Cuenca,2017-01-01,22.164
Girona,2017-01-01,27.361
Granada,2017-01-01,17.846
Guadalajara,2017-01-01,19.985
Gipuzkoa,2017-01-01,32.136
Huelva,2017-01-01,19.318
Huesca,2017-01-01,28.467
Jaen,2017-01-01,17.382
Leon,2017-01-01,20.400
Lleida,2017-01-01,27.461
La Rioja,2017-01-01,26.585
Lugo,2017-01-01,22.468
Madrid,2017-01-01,34.592
Malaga,2017-01-01,18.189
Melilla,2017-01-01,17.051
Murcia,2017-01-01,21.128
Navarra,2017-01-01,30.631
Ourense,2017-01-01,21.035
Asturias,2017-01-01,21.897
Palencia,2017-01-01,25.054
Las Palmas,2017-01-01,19.945
Pontevedra,2017-01-01,21.815
Salamanca,2017-01-01,20.030
Santa Cruz de Tenerife,2017-01-01,20.681
Cantabria,2017-01-01,22.922
Segovia,2017-01-01,21.163
Sevilla,2017-01-01,19.774
Soria,2017-01-01,24.746
Tarragona,2017-01-01,30.395
Teruel,2017-01-01,23.935
Toledo,2017-01-01,18.217
Valencia,2017-01-01,22.795
Valladolid,2017-01-01,26.362
Bizkaia,2017-01-01,30.047
Zamora,2017-01-01,18.454
Zaragoza,2017-01-01,27.582
Araba/Alava,2018-01-01,38.711
Albacete,2018-01-01,21.365
Alicante/Alacant,2018-01-01,19.798
Almeria,2018-01-01,21.567
Avila,2018-01-01,20.036
Badajoz,2018-01-01,18.706
Illes Balears,2018-01-01,28.906
Barcelona,2018-01-01,31.073
Burgos,2018-01-01,29.444
Caceres,2018-01-01,20.499
Cadiz,2018-01-01,18.079
Castellon/Castello,2018-01-01,27.201
Ceuta,2018-01-01,18.923
Ciudad Real,2018-01-01,21.974
Cordoba,2018-01-01,18.275
A Coruna,2018-01-01,24.319
Cuenca,2018-01-01,23.222
Girona,2018-01-01,27.864
Granada,2018-01-01,18.353
Guadalajara,2018-01-01,20.914
Gipuzkoa,2018-01-01,32.913
Huelva,2018-01-01,20.380
Huesca,2018-01-01,28.749
Jaen,2018-01-01,18.320
Leon,2018-01-01,21.175
Lleida,2018-01-01,28.290
La Rioja,2018-01-01,27.470
Lugo,2018-01-01,23.579
Madrid,2018-01-01,35.601
Malaga,2018-01-01,18.922
Melilla,2018-01-01,17.531
Murcia,2018-01-01,21.393
Navarra,2018-01-01,31.190
Ourense,2018-01-01,22.030
Asturias,2018-01-01,22.651
Palencia,2018-01-01,27.101
Las Palmas,2018-01-01,20.595
Pontevedra,2018-01-01,22.157
Salamanca,2018-01-01,20.735
Santa Cruz de Tenerife,2018-01-01,21.134
Cantabria,2018-01-01,23.818
Segovia,2018-01-01,22.012
Sevilla,2018-01-01,20.429
Soria,2018-01-01,28.019
Tarragona,2018-01-01,30.427
Teruel,2018-01-01,25.241
Toledo,2018-01-01,18.940
Valencia,2018-01-01,23.825
Valladolid,2018-01-01,27.580
Bizkaia,2018-01-01,31.099
Zamora,2018-01-01,19.328
Zaragoza,2018-01-01,28.597
Araba/Alava,2019-01-01,38.631
Albacete,2019-01-01,22.251
Alicante/Alacant,2019-01-01,20.263
Almeria,2019-01-01,22.268
Avila,2019-01-01,20.760
Badajoz,2019-01-01,19.102
Illes Balears,2019-01-01,29.458
Barcelona,2019-01-01,31.903
Burgos,2019-01-01,29.798
Caceres,2019-01-01,21.163
Cadiz,2019-01-01,18.767
Castellon/Castello,2019-01-01,27.746
Ceuta,2019-01-01,19.577
Ciudad Real,2019-01-01,22.264
Cordoba,2019-01-01,18.225
A Coruna,2019-01-01,24.840
Cuenca,2019-01-01,23.241
Girona,2019-01-01,28.643
Granada,2019-01-01,19.091
Guadalajara,2019-01-01,21.655
Gipuzkoa,2019-01-01,33.900
Huelva,2019-01-01,20.329
Huesca,2019-01-01,29.643
Jaen,2019-01-01,17.840
Leon,2019-01-01,21.919
Lleida,2019-01-01,29.386
La Rioja,2019-01-01,28.040
Lugo,2019-01-01,23.836
Madrid,2019-01-01,36.613
Malaga,2019-01-01,19.477
Melilla,2019-01-01,18.073
Murcia,2019-01-01,22.015
Navarra,2019-01-01,32.136
Ourense,2019-01-01,23.276
Asturias,2019-01-01,23.220
Palencia,2019-01-01,27.505
Las Palmas,2019-01-01,20.864
Pontevedra,2019-01-01,23.013
Salamanca,2019-01-01,21.588
Santa Cruz de Tenerife,2019-01-01,21.478
Cantabria,2019-01-01,24.515
Segovia,2019-01-01,22.690
Sevilla,2019-01-01,21.043
Soria,2019-01-01,28.421
Tarragona,2019-01-01,30.643
Teruel,2019-01-01,25.570
Toledo,2019-01-01,19.308
Valencia,2019-01-01,24.397
Valladolid,2019-01-01,28.079
Bizkaia,2019-01-01,31.944
Zamora,2019-01-01,20.270
Zaragoza,2019-01-01,29.386
Araba/Alava,2020-01-01,35.283
Albacete,2020-01-01,20.707
Alicante/Alacant,2020-01-01,18.339
Almeria,2020-01-01,20.335
Avila,2020-01-01,19.336
Badajoz,2020-01-01,17.844
Illes Balears,2020-01-01,22.611
Barcelona,2020-01-01,28.432
Burgos,2020-01-01,26.984
Caceres,2020-01-01,19.222
Cadiz,2020-01-01,16.418
Castellon/Castello,2020-01-01,24.497
Ceuta,2020-01-01,18.184
Ciudad Real,2020-01-01,20.680
Cordoba,2020-01-01,16.851
A Coruna,2020-01-01,22.743
Cuenca,2020-01-01,21.672
Girona,2020-01-01,25.331
Granada,2020-01-01,17.310
Guadalajara,2020-01-01,19.815
Gipuzkoa,2020-01-01,30.179
Huelva,2020-01-01,17.800
Huesca,2020-01-01,28.385
Jaen,2020-01-01,17.140
Leon,2020-01-01,20.431
Lleida,2020-01-01,26.556
La Rioja,2020-01-01,25.654
Lugo,2020-01-01,21.271
Madrid,2020-01-01,32.853
Malaga,2020-01-01,16.913
Melilla,2020-01-01,16.776
Murcia,2020-01-01,20.108
Navarra,2020-01-01,28.987
Ourense,2020-01-01,21.005
Asturias,2020-01-01,21.069
Palencia,2020-01-01,25.293
Las Palmas,2020-01-01,16.895
Pontevedra,2020-01-01,21.304
Salamanca,2020-01-01,20.029
Santa Cruz de Tenerife,2020-01-01,17.611
Cantabria,2020-01-01,22.279
Segovia,2020-01-01,20.668
Sevilla,2020-01-01,19.208
Soria,2020-01-01,25.821
Tarragona,2020-01-01,26.378
Teruel,2020-01-01,23.292
Toledo,2020-01-01,17.804
Valencia,2020-01-01,22.104
Valladolid,2020-01-01,26.067
Bizkaia,2020-01-01,28.583
Zamora,2020-01-01,18.827
Zaragoza,2020-01-01,27.197
Araba/Alava,2021-01-01,35.924
Albacete,2021-01-01,22.932
Alicante/Alacant,2021-01-01,20.334
Almeria,2021-01-01,20.292
Avila,2021-01-01,20.409
Badajoz,2021-01-01,19.029
Illes Balears,2021-01-01,25.807
Barcelona,2021-01-01,30.588
Burgos,2021-01-01,28.841
Caceres,2021-01-01,22.653
Cadiz,2021-01-01,18.313
Castellon/Castello,2021-01-01,26.829
Ceuta,2021-01-01,19.661
Ciudad Real,2021-01-01,21.334
Cordoba,2021-01-01,18.710
A Coruna,2021-01-01,24.627
Cuenca,2021-01-01,25.348
Girona,2021-01-01,29.732
Granada,2021-01-01,18.776
Guadalajara,2021-01-01,21.774
Gipuzkoa,2021-01-01,34.099
Huelva,2021-01-01,20.086
Huesca,2021-01-01,30.234
Jaen,2021-01-01,18.955
Leon,2021-01-01,23.214
Lleida,2021-01-01,29.554
La Rioja,2021-01-01,27.365
Lugo,2021-01-01,23.529
Madrid,2021-01-01,35.703
Malaga,2021-01-01,19.145
Melilla,2021-01-01,17.891
Murcia,2021-01-01,22.087
Navarra,2021-01-01,31.486
Ourense,2021-01-01,23.878
Asturias,2021-01-01,23.446
Palencia,2021-01-01,27.331
Las Palmas,2021-01-01,18.912
Pontevedra,2021-01-01,23.251
Salamanca,2021-01-01,22.643
Santa Cruz de Tenerife,2021-01-01,19.138
Cantabria,2021-01-01,24.303
Segovia,2021-01-01,23.743
Sevilla,2021-01-01,21.346
Soria,2021-01-01,28.912
Tarragona,2021-01-01,29.817
Teruel,2021-01-01,26.341
Toledo,2021-01-01,19.714
Valencia,2021-01-01,23.967
Valladolid,2021-01-01,26.940
Bizkaia,2021-01-01,31.265
Zamora,2021-01-01,21.814
Zaragoza,2021-01-01,29.279
