Province,Periodo,Respiratory_diseases_total,Life_expectancy_total
A Coruna,1975-01-01,,72.690
A Coruna,1976-01-01,,73.240
A Coruna,1977-01-01,,73.240
A Coruna,1978-01-01,,73.790
A Coruna,1979-01-01,,74.330
A Coruna,1980-01-01,885.000,75.050
A Coruna,1981-01-01,877.000,74.970
A Coruna,1982-01-01,930.000,75.390
A Coruna,1983-01-01,913.000,75.690
A Coruna,1984-01-01,885.000,75.880
A Coruna,1985-01-01,1.006,75.760
A Coruna,1986-01-01,958.000,75.750
A Coruna,1987-01-01,766.000,76.190
A Coruna,1988-01-01,931.000,76.100
A Coruna,1989-01-01,967.000,76.490
A Coruna,1990-01-01,1.083,76.230
A Coruna,1991-01-01,1.048,76.650
A Coruna,1992-01-01,1.047,77.040
A Coruna,1993-01-01,1.051,77.250
A Coruna,1994-01-01,1.113,77.540
A Coruna,1995-01-01,1.192,77.670
A Coruna,1996-01-01,1.242,77.620
A Coruna,1997-01-01,1.244,78.520
A Coruna,1998-01-01,1.223,78.860
A Coruna,1999-01-01,1.466,78.780
A Coruna,2000-01-01,1.409,79.100
A Coruna,2001-01-01,1.249,79.750
A Coruna,2002-01-01,1.296,80.030
A Coruna,2003-01-01,1.514,79.560
A Coruna,2004-01-01,1.309,80.330
A Coruna,2005-01-01,1.420,80.290
A Coruna,2006-01-01,1.390,80.660
A Coruna,2007-01-01,1.518,80.540
A Coruna,2008-01-01,1.510,81.070
A Coruna,2009-01-01,1.458,81.160
A Coruna,2010-01-01,1.477,81.690
A Coruna,2011-01-01,1.264,81.960
A Coruna,2012-01-01,1.367,82.220
A Coruna,2013-01-01,1.291,82.340
A Coruna,2014-01-01,1.287,82.620
A Coruna,2015-01-01,1.593,82.320
A Coruna,2016-01-01,1.330,82.530
A Coruna,2017-01-01,1.516,82.920
A Coruna,2018-01-01,1.660,82.760
A Coruna,2019-01-01,1.408,83.350
A Coruna,2020-01-01,1.236,83.430
A Coruna,2021-01-01,1.254,83.140
A Coruna,2022-01-01,1.455,83.110
A Coruna,2023-01-01,1.456,83.720
Albacete,1975-01-01,,73.130
Albacete,1976-01-01,,73.640
Albacete,1977-01-01,,73.800
Albacete,1978-01-01,,74.340
Albacete,1979-01-01,,74.550
Albacete,1980-01-01,320.000,75.380
Albacete,1981-01-01,327.000,75.530
Albacete,1982-01-01,251.000,76.270
Albacete,1983-01-01,324.000,75.950
Albacete,1984-01-01,302.000,76.550
Albacete,1985-01-01,303.000,76.460
Albacete,1986-01-01,283.000,76.840
Albacete,1987-01-01,299.000,77.230
Albacete,1988-01-01,259.000,77.380
Albacete,1989-01-01,345.000,77.320
Albacete,1990-01-01,309.000,78.330
Albacete,1991-01-01,306.000,77.620
Albacete,1992-01-01,329.000,78.030
Albacete,1993-01-01,357.000,77.690
Albacete,1994-01-01,382.000,78.440
Albacete,1995-01-01,308.000,79.180
Albacete,1996-01-01,335.000,78.880
Albacete,1997-01-01,335.000,79.460
Albacete,1998-01-01,375.000,79.130
Albacete,1999-01-01,371.000,80.090
Albacete,2000-01-01,355.000,79.940
Albacete,2001-01-01,312.000,80.370
Albacete,2002-01-01,362.000,80.620
Albacete,2003-01-01,418.000,80.200
Albacete,2004-01-01,379.000,81.110
Albacete,2005-01-01,452.000,80.870
Albacete,2006-01-01,354.000,81.550
Albacete,2007-01-01,385.000,81.580
Albacete,2008-01-01,397.000,81.840
Albacete,2009-01-01,433.000,81.810
Albacete,2010-01-01,361.000,82.650
Albacete,2011-01-01,383.000,82.430
Albacete,2012-01-01,459.000,82.650
Albacete,2013-01-01,375.000,82.840
Albacete,2014-01-01,445.000,82.660
Albacete,2015-01-01,522.000,82.870
Albacete,2016-01-01,422.000,83.140
Albacete,2017-01-01,536.000,83.470
Albacete,2018-01-01,546.000,83.360
Albacete,2019-01-01,444.000,83.310
Albacete,2020-01-01,399.000,81.360
Albacete,2021-01-01,327.000,83.210
Albacete,2022-01-01,344.000,82.990
Albacete,2023-01-01,397.000,83.610
Alicante/Alacant,1975-01-01,,72.880
Alicante/Alacant,1976-01-01,,73.240
Alicante/Alacant,1977-01-01,,73.310
Alicante/Alacant,1978-01-01,,73.680
Alicante/Alacant,1979-01-01,,74.140
Alicante/Alacant,1980-01-01,764.000,75.030
Alicante/Alacant,1981-01-01,861.000,75.260
Alicante/Alacant,1982-01-01,732.000,75.680
Alicante/Alacant,1983-01-01,921.000,75.930
Alicante/Alacant,1984-01-01,765.000,76.300
Alicante/Alacant,1985-01-01,864.000,76.220
Alicante/Alacant,1986-01-01,915.000,76.210
Alicante/Alacant,1987-01-01,811.000,76.320
Alicante/Alacant,1988-01-01,912.000,76.180
Alicante/Alacant,1989-01-01,911.000,76.300
Alicante/Alacant,1990-01-01,967.000,76.430
Alicante/Alacant,1991-01-01,921.000,77.030
Alicante/Alacant,1992-01-01,826.000,77.390
Alicante/Alacant,1993-01-01,914.000,77.490
Alicante/Alacant,1994-01-01,856.000,77.720
Alicante/Alacant,1995-01-01,951.000,78.040
Alicante/Alacant,1996-01-01,1.003,78.230
Alicante/Alacant,1997-01-01,1.053,78.450
Alicante/Alacant,1998-01-01,1.106,78.770
Alicante/Alacant,1999-01-01,1.287,78.360
Alicante/Alacant,2000-01-01,1.221,78.890
Alicante/Alacant,2001-01-01,1.191,78.920
Alicante/Alacant,2002-01-01,1.299,79.290
Alicante/Alacant,2003-01-01,1.272,79.290
Alicante/Alacant,2004-01-01,1.109,80.080
Alicante/Alacant,2005-01-01,1.408,80.050
Alicante/Alacant,2006-01-01,1.193,80.850
Alicante/Alacant,2007-01-01,1.301,80.920
Alicante/Alacant,2008-01-01,1.372,81.260
Alicante/Alacant,2009-01-01,1.270,81.910
Alicante/Alacant,2010-01-01,1.248,82.090
Alicante/Alacant,2011-01-01,1.313,82.170
Alicante/Alacant,2012-01-01,1.505,81.990
Alicante/Alacant,2013-01-01,1.416,82.570
Alicante/Alacant,2014-01-01,1.355,82.660
Alicante/Alacant,2015-01-01,1.830,82.510
Alicante/Alacant,2016-01-01,1.613,82.850
Alicante/Alacant,2017-01-01,1.698,82.680
Alicante/Alacant,2018-01-01,1.961,82.690
Alicante/Alacant,2019-01-01,1.593,83.090
Alicante/Alacant,2020-01-01,1.385,82.420
Alicante/Alacant,2021-01-01,1.163,82.210
Alicante/Alacant,2022-01-01,1.474,82.620
Alicante/Alacant,2023-01-01,1.565,83.210
Almeria,1975-01-01,,72.680
Almeria,1976-01-01,,73.210
Almeria,1977-01-01,,73.890
Almeria,1978-01-01,,73.190
Almeria,1979-01-01,,74.010
Almeria,1980-01-01,306.000,74.990
Almeria,1981-01-01,310.000,74.750
Almeria,1982-01-01,249.000,76.040
Almeria,1983-01-01,327.000,75.810
Almeria,1984-01-01,253.000,76.720
Almeria,1985-01-01,321.000,76.590
Almeria,1986-01-01,322.000,76.140
Almeria,1987-01-01,316.000,76.200
Almeria,1988-01-01,309.000,76.090
Almeria,1989-01-01,351.000,75.900
Almeria,1990-01-01,415.000,76.130
Almeria,1991-01-01,365.000,76.720
Almeria,1992-01-01,332.000,77.110
Almeria,1993-01-01,387.000,76.880
Almeria,1994-01-01,364.000,77.580
Almeria,1995-01-01,376.000,77.730
Almeria,1996-01-01,422.000,77.170
Almeria,1997-01-01,407.000,77.610
Almeria,1998-01-01,435.000,77.990
Almeria,1999-01-01,515.000,77.820
Almeria,2000-01-01,491.000,78.460
Almeria,2001-01-01,452.000,78.330
Almeria,2002-01-01,496.000,77.950
Almeria,2003-01-01,600.000,78.360
Almeria,2004-01-01,490.000,78.830
Almeria,2005-01-01,573.000,78.750
Almeria,2006-01-01,481.000,79.470
Almeria,2007-01-01,583.000,79.520
Almeria,2008-01-01,573.000,79.950
Almeria,2009-01-01,489.000,80.230
Almeria,2010-01-01,507.000,80.960
Almeria,2011-01-01,536.000,80.790
Almeria,2012-01-01,590.000,81.030
Almeria,2013-01-01,551.000,81.580
Almeria,2014-01-01,536.000,81.820
Almeria,2015-01-01,626.000,81.110
Almeria,2016-01-01,522.000,81.700
Almeria,2017-01-01,613.000,81.750
Almeria,2018-01-01,679.000,81.140
Almeria,2019-01-01,541.000,81.930
Almeria,2020-01-01,518.000,81.200
Almeria,2021-01-01,458.000,80.610
Almeria,2022-01-01,495.000,81.310
Almeria,2023-01-01,564.000,81.810
Araba/Alava,1975-01-01,,72.990
Araba/Alava,1976-01-01,,73.120
Araba/Alava,1977-01-01,,74.060
Araba/Alava,1978-01-01,,73.430
Araba/Alava,1979-01-01,,74.490
Araba/Alava,1980-01-01,168.000,75.440
Araba/Alava,1981-01-01,183.000,76.670
Araba/Alava,1982-01-01,113.000,77.660
Araba/Alava,1983-01-01,142.000,76.950
Araba/Alava,1984-01-01,140.000,77.860
Araba/Alava,1985-01-01,179.000,77.570
Araba/Alava,1986-01-01,131.000,77.310
Araba/Alava,1987-01-01,139.000,77.780
Araba/Alava,1988-01-01,167.000,77.330
Araba/Alava,1989-01-01,191.000,77.940
Araba/Alava,1990-01-01,188.000,77.510
Araba/Alava,1991-01-01,173.000,77.830
Araba/Alava,1992-01-01,159.000,78.990
Araba/Alava,1993-01-01,186.000,78.990
Araba/Alava,1994-01-01,170.000,79.230
Araba/Alava,1995-01-01,173.000,79.000
Araba/Alava,1996-01-01,197.000,79.220
Araba/Alava,1997-01-01,181.000,79.880
Araba/Alava,1998-01-01,223.000,79.880
Araba/Alava,1999-01-01,245.000,79.870
Araba/Alava,2000-01-01,224.000,80.150
Araba/Alava,2001-01-01,206.000,80.600
Araba/Alava,2002-01-01,240.000,81.440
Araba/Alava,2003-01-01,230.000,81.220
Araba/Alava,2004-01-01,203.000,81.780
Araba/Alava,2005-01-01,287.000,80.850
Araba/Alava,2006-01-01,190.000,82.200
Araba/Alava,2007-01-01,206.000,81.920
Araba/Alava,2008-01-01,229.000,82.550
Araba/Alava,2009-01-01,223.000,82.350
Araba/Alava,2010-01-01,214.000,83.190
Araba/Alava,2011-01-01,224.000,83.040
Araba/Alava,2012-01-01,258.000,83.530
Araba/Alava,2013-01-01,276.000,83.360
Araba/Alava,2014-01-01,238.000,84.380
Araba/Alava,2015-01-01,277.000,83.490
Araba/Alava,2016-01-01,278.000,84.180
Araba/Alava,2017-01-01,307.000,83.890
Araba/Alava,2018-01-01,321.000,84.320
Araba/Alava,2019-01-01,334.000,84.760
Araba/Alava,2020-01-01,250.000,83.590
Araba/Alava,2021-01-01,164.000,84.310
Araba/Alava,2022-01-01,226.000,84.130
Araba/Alava,2023-01-01,212.000,85.070
Asturias,1975-01-01,,73.150
Asturias,1976-01-01,,73.370
Asturias,1977-01-01,,73.350
Asturias,1978-01-01,,74.110
Asturias,1979-01-01,,74.200
Asturias,1980-01-01,1.157,74.420
Asturias,1981-01-01,1.104,75.040
Asturias,1982-01-01,1.039,75.130
Asturias,1983-01-01,1.021,75.460
Asturias,1984-01-01,1.006,75.570
Asturias,1985-01-01,1.234,75.530
Asturias,1986-01-01,1.090,76.000
Asturias,1987-01-01,1.068,76.000
Asturias,1988-01-01,1.015,76.000
Asturias,1989-01-01,1.122,76.270
Asturias,1990-01-01,1.260,76.080
Asturias,1991-01-01,1.328,76.460
Asturias,1992-01-01,1.167,77.100
Asturias,1993-01-01,1.266,76.890
Asturias,1994-01-01,1.217,77.570
Asturias,1995-01-01,1.396,77.370
Asturias,1996-01-01,1.324,77.590
Asturias,1997-01-01,1.287,78.310
Asturias,1998-01-01,1.328,78.360
Asturias,1999-01-01,1.595,78.400
Asturias,2000-01-01,1.473,78.790
Asturias,2001-01-01,1.159,79.500
Asturias,2002-01-01,1.471,79.520
Asturias,2003-01-01,1.437,79.180
Asturias,2004-01-01,1.277,79.840
Asturias,2005-01-01,1.441,79.900
Asturias,2006-01-01,1.278,80.190
Asturias,2007-01-01,1.394,80.370
Asturias,2008-01-01,1.372,80.700
Asturias,2009-01-01,1.287,81.090
Asturias,2010-01-01,1.212,81.180
Asturias,2011-01-01,1.254,81.300
Asturias,2012-01-01,1.481,81.520
Asturias,2013-01-01,1.300,82.190
Asturias,2014-01-01,1.382,82.110
Asturias,2015-01-01,1.617,82.210
Asturias,2016-01-01,1.452,82.380
Asturias,2017-01-01,1.579,82.590
Asturias,2018-01-01,1.612,82.640
Asturias,2019-01-01,1.446,82.840
Asturias,2020-01-01,1.215,82.100
Asturias,2021-01-01,882.000,82.750
Asturias,2022-01-01,1.084,82.460
Asturias,2023-01-01,1.286,83.110
Avila,1975-01-01,,73.580
Avila,1976-01-01,,75.110
Avila,1977-01-01,,75.570
Avila,1978-01-01,,76.620
Avila,1979-01-01,,76.790
Avila,1980-01-01,123.000,78.250
Avila,1981-01-01,132.000,77.710
Avila,1982-01-01,118.000,78.290
Avila,1983-01-01,134.000,78.840
Avila,1984-01-01,134.000,78.490
Avila,1985-01-01,164.000,78.650
Avila,1986-01-01,156.000,78.600
Avila,1987-01-01,142.000,78.480
Avila,1988-01-01,148.000,78.610
Avila,1989-01-01,172.000,78.360
Avila,1990-01-01,176.000,78.330
Avila,1991-01-01,184.000,78.970
Avila,1992-01-01,182.000,79.210
Avila,1993-01-01,171.000,79.450
Avila,1994-01-01,180.000,79.370
Avila,1995-01-01,164.000,79.760
Avila,1996-01-01,208.000,79.450
Avila,1997-01-01,213.000,80.380
Avila,1998-01-01,230.000,79.720
Avila,1999-01-01,233.000,80.090
Avila,2000-01-01,231.000,80.510
Avila,2001-01-01,216.000,80.760
Avila,2002-01-01,227.000,80.120
Avila,2003-01-01,236.000,81.110
Avila,2004-01-01,231.000,81.370
Avila,2005-01-01,280.000,81.000
Avila,2006-01-01,243.000,81.340
Avila,2007-01-01,252.000,81.070
Avila,2008-01-01,234.000,82.070
Avila,2009-01-01,257.000,82.960
Avila,2010-01-01,215.000,82.230
Avila,2011-01-01,245.000,82.720
Avila,2012-01-01,266.000,83.310
Avila,2013-01-01,239.000,82.880
Avila,2014-01-01,224.000,83.150
Avila,2015-01-01,274.000,82.570
Avila,2016-01-01,256.000,83.280
Avila,2017-01-01,303.000,83.320
Avila,2018-01-01,285.000,83.440
Avila,2019-01-01,272.000,83.950
Avila,2020-01-01,228.000,82.240
Avila,2021-01-01,159.000,83.570
Avila,2022-01-01,193.000,83.410
Avila,2023-01-01,213.000,84.410
Badajoz,1975-01-01,,73.020
Badajoz,1976-01-01,,73.190
Badajoz,1977-01-01,,73.390
Badajoz,1978-01-01,,73.350
Badajoz,1979-01-01,,73.840
Badajoz,1980-01-01,488.000,74.680
Badajoz,1981-01-01,535.000,74.680
Badajoz,1982-01-01,440.000,75.480
Badajoz,1983-01-01,653.000,74.900
Badajoz,1984-01-01,565.000,75.600
Badajoz,1985-01-01,586.000,75.700
Badajoz,1986-01-01,596.000,75.360
Badajoz,1987-01-01,509.000,75.920
Badajoz,1988-01-01,501.000,76.070
Badajoz,1989-01-01,581.000,76.030
Badajoz,1990-01-01,661.000,76.040
Badajoz,1991-01-01,651.000,76.320
Badajoz,1992-01-01,568.000,76.810
Badajoz,1993-01-01,594.000,76.600
Badajoz,1994-01-01,531.000,77.290
Badajoz,1995-01-01,575.000,77.720
Badajoz,1996-01-01,681.000,77.460
Badajoz,1997-01-01,643.000,78.150
Badajoz,1998-01-01,636.000,78.390
Badajoz,1999-01-01,944.000,78.170
Badajoz,2000-01-01,836.000,78.390
Badajoz,2001-01-01,743.000,78.980
Badajoz,2002-01-01,714.000,78.890
Badajoz,2003-01-01,734.000,78.770
Badajoz,2004-01-01,673.000,79.550
Badajoz,2005-01-01,834.000,79.220
Badajoz,2006-01-01,640.000,79.910
Badajoz,2007-01-01,767.000,80.270
Badajoz,2008-01-01,684.000,80.600
Badajoz,2009-01-01,789.000,80.520
Badajoz,2010-01-01,745.000,80.690
Badajoz,2011-01-01,723.000,81.420
Badajoz,2012-01-01,901.000,81.050
Badajoz,2013-01-01,823.000,81.540
Badajoz,2014-01-01,733.000,81.800
Badajoz,2015-01-01,909.000,81.700
Badajoz,2016-01-01,899.000,81.960
Badajoz,2017-01-01,976.000,82.090
Badajoz,2018-01-01,921.000,82.260
Badajoz,2019-01-01,898.000,82.430
Badajoz,2020-01-01,840.000,81.900
Badajoz,2021-01-01,645.000,81.890
Badajoz,2022-01-01,770.000,82.290
Badajoz,2023-01-01,770.000,82.900
Barcelona,1975-01-01,,73.740
Barcelona,1976-01-01,,74.420
Barcelona,1977-01-01,,75.150
Barcelona,1978-01-01,,75.350
Barcelona,1979-01-01,,75.870
Barcelona,1980-01-01,2.775,76.650
Barcelona,1981-01-01,2.987,76.980
Barcelona,1982-01-01,2.353,77.480
Barcelona,1983-01-01,2.707,76.890
Barcelona,1984-01-01,2.551,77.230
Barcelona,1985-01-01,2.860,77.070
Barcelona,1986-01-01,3.090,76.960
Barcelona,1987-01-01,2.920,77.070
Barcelona,1988-01-01,3.082,76.990
Barcelona,1989-01-01,3.312,76.730
Barcelona,1990-01-01,3.649,76.810
Barcelona,1991-01-01,3.499,77.250
Barcelona,1992-01-01,3.356,77.520
Barcelona,1993-01-01,3.551,77.840
Barcelona,1994-01-01,3.330,78.270
Barcelona,1995-01-01,3.693,78.330
Barcelona,1996-01-01,4.030,78.650
Barcelona,1997-01-01,4.075,78.920
Barcelona,1998-01-01,4.328,79.200
Barcelona,1999-01-01,4.970,79.000
Barcelona,2000-01-01,4.540,79.710
Barcelona,2001-01-01,3.854,79.870
Barcelona,2002-01-01,4.315,80.150
Barcelona,2003-01-01,4.637,80.050
Barcelona,2004-01-01,4.054,80.740
Barcelona,2005-01-01,5.141,80.540
Barcelona,2006-01-01,4.198,81.380
Barcelona,2007-01-01,4.553,81.400
Barcelona,2008-01-01,4.488,81.690
Barcelona,2009-01-01,4.482,81.980
Barcelona,2010-01-01,4.334,82.340
Barcelona,2011-01-01,4.327,82.660
Barcelona,2012-01-01,4.982,82.570
Barcelona,2013-01-01,4.422,83.060
Barcelona,2014-01-01,4.547,83.270
Barcelona,2015-01-01,5.064,83.230
Barcelona,2016-01-01,4.794,83.530
Barcelona,2017-01-01,5.388,83.400
Barcelona,2018-01-01,5.653,83.540
Barcelona,2019-01-01,4.968,84.010
Barcelona,2020-01-01,4.526,82.220
Barcelona,2021-01-01,3.763,83.480
Barcelona,2022-01-01,4.477,83.690
Barcelona,2023-01-01,5.253,84.150
Bizkaia,1975-01-01,,72.500
Bizkaia,1976-01-01,,73.110
Bizkaia,1977-01-01,,73.220
Bizkaia,1978-01-01,,73.590
Bizkaia,1979-01-01,,73.830
Bizkaia,1980-01-01,948.000,73.980
Bizkaia,1981-01-01,1.023,74.310
Bizkaia,1982-01-01,896.000,75.280
Bizkaia,1983-01-01,928.000,75.400
Bizkaia,1984-01-01,915.000,75.330
Bizkaia,1985-01-01,922.000,75.750
Bizkaia,1986-01-01,809.000,75.720
Bizkaia,1987-01-01,697.000,76.290
Bizkaia,1988-01-01,703.000,76.530
Bizkaia,1989-01-01,757.000,76.940
Bizkaia,1990-01-01,904.000,76.440
Bizkaia,1991-01-01,907.000,77.090
Bizkaia,1992-01-01,881.000,77.330
Bizkaia,1993-01-01,889.000,77.910
Bizkaia,1994-01-01,808.000,78.220
Bizkaia,1995-01-01,903.000,77.730
Bizkaia,1996-01-01,952.000,78.050
Bizkaia,1997-01-01,916.000,78.900
Bizkaia,1998-01-01,1.006,78.910
Bizkaia,1999-01-01,1.013,79.290
Bizkaia,2000-01-01,1.065,79.300
Bizkaia,2001-01-01,863.000,80.080
Bizkaia,2002-01-01,1.069,79.850
Bizkaia,2003-01-01,1.102,79.940
Bizkaia,2004-01-01,957.000,80.450
Bizkaia,2005-01-01,1.207,80.640
Bizkaia,2006-01-01,952.000,81.110
Bizkaia,2007-01-01,973.000,81.190
Bizkaia,2008-01-01,1.080,81.480
Bizkaia,2009-01-01,999.000,81.740
Bizkaia,2010-01-01,910.000,82.030
Bizkaia,2011-01-01,965.000,82.140
Bizkaia,2012-01-01,1.049,82.500
Bizkaia,2013-01-01,998.000,83.130
Bizkaia,2014-01-01,970.000,83.100
Bizkaia,2015-01-01,1.170,82.980
Bizkaia,2016-01-01,1.123,83.140
Bizkaia,2017-01-01,1.304,83.500
Bizkaia,2018-01-01,1.293,83.490
Bizkaia,2019-01-01,1.180,83.650
Bizkaia,2020-01-01,832.000,82.990
Bizkaia,2021-01-01,749.000,83.700
Bizkaia,2022-01-01,874.000,83.390
Bizkaia,2023-01-01,909.000,84.420
Burgos,1975-01-01,,73.430
Burgos,1976-01-01,,73.710
Burgos,1977-01-01,,74.180
Burgos,1978-01-01,,75.290
Burgos,1979-01-01,,75.740
Burgos,1980-01-01,238.000,76.370
Burgos,1981-01-01,239.000,76.860
Burgos,1982-01-01,180.000,77.970
Burgos,1983-01-01,268.000,77.500
Burgos,1984-01-01,267.000,77.660
Burgos,1985-01-01,266.000,77.090
Burgos,1986-01-01,309.000,77.260
Burgos,1987-01-01,270.000,77.590
Burgos,1988-01-01,270.000,77.150
Burgos,1989-01-01,294.000,77.470
Burgos,1990-01-01,381.000,77.780
Burgos,1991-01-01,310.000,77.750
Burgos,1992-01-01,288.000,78.640
Burgos,1993-01-01,333.000,78.700
Burgos,1994-01-01,337.000,79.150
Burgos,1995-01-01,360.000,79.250
Burgos,1996-01-01,360.000,79.610
Burgos,1997-01-01,369.000,79.540
Burgos,1998-01-01,415.000,79.790
Burgos,1999-01-01,486.000,80.260
Burgos,2000-01-01,403.000,80.470
Burgos,2001-01-01,380.000,81.400
Burgos,2002-01-01,409.000,80.880
Burgos,2003-01-01,458.000,80.910
Burgos,2004-01-01,374.000,81.950
Burgos,2005-01-01,475.000,80.810
Burgos,2006-01-01,360.000,82.150
Burgos,2007-01-01,426.000,82.090
Burgos,2008-01-01,419.000,82.090
Burgos,2009-01-01,439.000,82.340
Burgos,2010-01-01,388.000,83.170
Burgos,2011-01-01,441.000,82.960
Burgos,2012-01-01,469.000,82.890
Burgos,2013-01-01,392.000,83.570
Burgos,2014-01-01,457.000,83.600
Burgos,2015-01-01,505.000,84.220
Burgos,2016-01-01,466.000,84.090
Burgos,2017-01-01,537.000,83.820
Burgos,2018-01-01,534.000,84.080
Burgos,2019-01-01,473.000,84.520
Burgos,2020-01-01,389.000,83.180
Burgos,2021-01-01,319.000,84.550
Burgos,2022-01-01,380.000,83.870
Burgos,2023-01-01,440.000,84.230
Caceres,1975-01-01,,73.240
Caceres,1976-01-01,,73.700
Caceres,1977-01-01,,74.150
Caceres,1978-01-01,,74.460
Caceres,1979-01-01,,74.560
Caceres,1980-01-01,344.000,74.620
Caceres,1981-01-01,391.000,75.400
Caceres,1982-01-01,310.000,76.270
Caceres,1983-01-01,409.000,75.420
Caceres,1984-01-01,338.000,75.850
Caceres,1985-01-01,368.000,76.220
Caceres,1986-01-01,327.000,76.180
Caceres,1987-01-01,365.000,76.850
Caceres,1988-01-01,365.000,76.940
Caceres,1989-01-01,352.000,77.140
Caceres,1990-01-01,427.000,77.110
Caceres,1991-01-01,414.000,77.640
Caceres,1992-01-01,368.000,77.950
Caceres,1993-01-01,425.000,78.240
Caceres,1994-01-01,393.000,78.590
Caceres,1995-01-01,351.000,78.560
Caceres,1996-01-01,483.000,78.700
Caceres,1997-01-01,460.000,78.910
Caceres,1998-01-01,425.000,78.890
Caceres,1999-01-01,670.000,79.160
Caceres,2000-01-01,559.000,79.490
Caceres,2001-01-01,534.000,79.670
Caceres,2002-01-01,495.000,80.130
Caceres,2003-01-01,576.000,79.430
Caceres,2004-01-01,454.000,80.190
Caceres,2005-01-01,592.000,80.170
Caceres,2006-01-01,442.000,81.200
Caceres,2007-01-01,546.000,80.730
Caceres,2008-01-01,504.000,81.690
Caceres,2009-01-01,539.000,81.860
Caceres,2010-01-01,509.000,81.990
Caceres,2011-01-01,509.000,82.190
Caceres,2012-01-01,623.000,82.010
Caceres,2013-01-01,568.000,82.340
Caceres,2014-01-01,496.000,83.210
Caceres,2015-01-01,582.000,82.540
Caceres,2016-01-01,607.000,82.820
Caceres,2017-01-01,694.000,82.470
Caceres,2018-01-01,592.000,82.880
Caceres,2019-01-01,578.000,83.470
Caceres,2020-01-01,576.000,81.720
Caceres,2021-01-01,439.000,82.620
Caceres,2022-01-01,501.000,82.530
Caceres,2023-01-01,559.000,83.280
Cadiz,1975-01-01,,71.490
Cadiz,1976-01-01,,71.460
Cadiz,1977-01-01,,71.760
Cadiz,1978-01-01,,72.380
Cadiz,1979-01-01,,73.020
Cadiz,1980-01-01,565.000,73.300
Cadiz,1981-01-01,649.000,73.780
Cadiz,1982-01-01,602.000,73.660
Cadiz,1983-01-01,617.000,74.330
Cadiz,1984-01-01,560.000,74.130
Cadiz,1985-01-01,599.000,74.310
Cadiz,1986-01-01,655.000,74.610
Cadiz,1987-01-01,632.000,74.660
Cadiz,1988-01-01,689.000,74.810
Cadiz,1989-01-01,709.000,75.070
Cadiz,1990-01-01,768.000,74.370
Cadiz,1991-01-01,719.000,75.040
Cadiz,1992-01-01,612.000,75.800
Cadiz,1993-01-01,714.000,75.770
Cadiz,1994-01-01,642.000,76.350
Cadiz,1995-01-01,704.000,75.590
Cadiz,1996-01-01,778.000,76.190
Cadiz,1997-01-01,766.000,76.770
Cadiz,1998-01-01,778.000,76.890
Cadiz,1999-01-01,898.000,76.930
Cadiz,2000-01-01,843.000,77.320
Cadiz,2001-01-01,744.000,77.840
Cadiz,2002-01-01,839.000,77.880
Cadiz,2003-01-01,1.028,77.690
Cadiz,2004-01-01,905.000,78.020
Cadiz,2005-01-01,1.062,78.090
Cadiz,2006-01-01,820.000,79.340
Cadiz,2007-01-01,937.000,79.860
Cadiz,2008-01-01,919.000,79.570
Cadiz,2009-01-01,895.000,79.750
Cadiz,2010-01-01,919.000,80.180
Cadiz,2011-01-01,882.000,80.260
Cadiz,2012-01-01,1.047,80.020
Cadiz,2013-01-01,940.000,80.660
Cadiz,2014-01-01,932.000,81.170
Cadiz,2015-01-01,1.134,80.820
Cadiz,2016-01-01,913.000,81.050
Cadiz,2017-01-01,921.000,81.270
Cadiz,2018-01-01,1.100,81.010
Cadiz,2019-01-01,978.000,81.710
Cadiz,2020-01-01,951.000,81.080
Cadiz,2021-01-01,761.000,80.750
Cadiz,2022-01-01,918.000,81.440
Cadiz,2023-01-01,1.013,82.010
Cantabria,1975-01-01,,73.070
Cantabria,1976-01-01,,73.680
Cantabria,1977-01-01,,74.130
Cantabria,1978-01-01,,75.240
Cantabria,1979-01-01,,74.770
Cantabria,1980-01-01,405.000,75.080
Cantabria,1981-01-01,475.000,75.720
Cantabria,1982-01-01,373.000,76.090
Cantabria,1983-01-01,486.000,75.920
Cantabria,1984-01-01,441.000,76.680
Cantabria,1985-01-01,452.000,76.440
Cantabria,1986-01-01,497.000,76.890
Cantabria,1987-01-01,442.000,76.920
Cantabria,1988-01-01,487.000,77.040
Cantabria,1989-01-01,533.000,76.960
Cantabria,1990-01-01,535.000,77.000
Cantabria,1991-01-01,501.000,77.620
Cantabria,1992-01-01,528.000,77.750
Cantabria,1993-01-01,521.000,77.960
Cantabria,1994-01-01,477.000,78.480
Cantabria,1995-01-01,556.000,78.250
Cantabria,1996-01-01,594.000,78.570
Cantabria,1997-01-01,591.000,78.800
Cantabria,1998-01-01,624.000,79.550
Cantabria,1999-01-01,697.000,79.230
Cantabria,2000-01-01,727.000,79.350
Cantabria,2001-01-01,604.000,80.270
Cantabria,2002-01-01,631.000,80.110
Cantabria,2003-01-01,670.000,80.390
Cantabria,2004-01-01,613.000,80.820
Cantabria,2005-01-01,719.000,81.070
Cantabria,2006-01-01,665.000,80.990
Cantabria,2007-01-01,699.000,80.990
Cantabria,2008-01-01,753.000,81.620
Cantabria,2009-01-01,688.000,81.960
Cantabria,2010-01-01,552.000,82.060
Cantabria,2011-01-01,564.000,82.420
Cantabria,2012-01-01,610.000,82.540
Cantabria,2013-01-01,623.000,82.960
Cantabria,2014-01-01,738.000,82.780
Cantabria,2015-01-01,795.000,82.690
Cantabria,2016-01-01,710.000,83.140
Cantabria,2017-01-01,752.000,83.310
Cantabria,2018-01-01,780.000,83.330
Cantabria,2019-01-01,563.000,83.580
Cantabria,2020-01-01,613.000,83.000
Cantabria,2021-01-01,486.000,83.630
Cantabria,2022-01-01,698.000,83.060
Cantabria,2023-01-01,696.000,84.200
Castellon/Castello,1975-01-01,,73.580
Castellon/Castello,1976-01-01,,74.280
Castellon/Castello,1977-01-01,,74.440
Castellon/Castello,1978-01-01,,74.090
Castellon/Castello,1979-01-01,,74.490
Castellon/Castello,1980-01-01,424.000,75.630
Castellon/Castello,1981-01-01,434.000,75.630
Castellon/Castello,1982-01-01,319.000,76.070
Castellon/Castello,1983-01-01,429.000,76.030
Castellon/Castello,1984-01-01,372.000,76.490
Castellon/Castello,1985-01-01,402.000,76.300
Castellon/Castello,1986-01-01,367.000,76.660
Castellon/Castello,1987-01-01,391.000,76.850
Castellon/Castello,1988-01-01,399.000,76.990
Castellon/Castello,1989-01-01,424.000,76.950
Castellon/Castello,1990-01-01,438.000,76.900
Castellon/Castello,1991-01-01,417.000,76.800
Castellon/Castello,1992-01-01,317.000,77.740
Castellon/Castello,1993-01-01,363.000,77.990
Castellon/Castello,1994-01-01,414.000,77.840
Castellon/Castello,1995-01-01,411.000,77.820
Castellon/Castello,1996-01-01,408.000,77.710
Castellon/Castello,1997-01-01,468.000,78.290
Castellon/Castello,1998-01-01,503.000,78.400
Castellon/Castello,1999-01-01,581.000,78.410
Castellon/Castello,2000-01-01,436.000,79.170
Castellon/Castello,2001-01-01,487.000,78.980
Castellon/Castello,2002-01-01,551.000,79.290
Castellon/Castello,2003-01-01,543.000,79.350
Castellon/Castello,2004-01-01,478.000,80.070
Castellon/Castello,2005-01-01,547.000,79.680
Castellon/Castello,2006-01-01,459.000,80.460
Castellon/Castello,2007-01-01,518.000,80.660
Castellon/Castello,2008-01-01,501.000,80.980
Castellon/Castello,2009-01-01,537.000,80.940
Castellon/Castello,2010-01-01,496.000,81.910
Castellon/Castello,2011-01-01,517.000,81.910
Castellon/Castello,2012-01-01,501.000,82.480
Castellon/Castello,2013-01-01,521.000,82.430
Castellon/Castello,2014-01-01,468.000,82.410
Castellon/Castello,2015-01-01,643.000,82.320
Castellon/Castello,2016-01-01,511.000,82.680
Castellon/Castello,2017-01-01,537.000,82.720
Castellon/Castello,2018-01-01,728.000,82.400
Castellon/Castello,2019-01-01,525.000,82.830
Castellon/Castello,2020-01-01,471.000,82.700
Castellon/Castello,2021-01-01,392.000,82.150
Castellon/Castello,2022-01-01,443.000,82.570
Castellon/Castello,2023-01-01,531.000,83.290
Ceuta,1975-01-01,,70.350
Ceuta,1976-01-01,,70.590
Ceuta,1977-01-01,,71.600
Ceuta,1978-01-01,,69.910
Ceuta,1979-01-01,,70.950
Ceuta,1980-01-01,51.000,71.430
Ceuta,1981-01-01,50.000,72.850
Ceuta,1982-01-01,37.000,72.350
Ceuta,1983-01-01,31.000,73.170
Ceuta,1984-01-01,27.000,73.590
Ceuta,1985-01-01,23.000,72.300
Ceuta,1986-01-01,40.000,73.510
Ceuta,1987-01-01,36.000,74.410
Ceuta,1988-01-01,32.000,74.430
Ceuta,1989-01-01,23.000,74.500
Ceuta,1990-01-01,44.000,73.230
Ceuta,1991-01-01,50.000,74.800
Ceuta,1992-01-01,41.000,75.970
Ceuta,1993-01-01,45.000,75.740
Ceuta,1994-01-01,44.000,75.980
Ceuta,1995-01-01,41.000,75.880
Ceuta,1996-01-01,43.000,74.970
Ceuta,1997-01-01,49.000,76.040
Ceuta,1998-01-01,42.000,75.760
Ceuta,1999-01-01,48.000,76.210
Ceuta,2000-01-01,59.000,78.080
Ceuta,2001-01-01,41.000,77.950
Ceuta,2002-01-01,53.000,76.770
Ceuta,2003-01-01,56.000,77.580
Ceuta,2004-01-01,55.000,77.890
Ceuta,2005-01-01,66.000,77.950
Ceuta,2006-01-01,56.000,78.160
Ceuta,2007-01-01,57.000,77.920
Ceuta,2008-01-01,46.000,78.760
Ceuta,2009-01-01,75.000,78.090
Ceuta,2010-01-01,77.000,78.520
Ceuta,2011-01-01,53.000,79.430
Ceuta,2012-01-01,51.000,80.170
Ceuta,2013-01-01,47.000,79.350
Ceuta,2014-01-01,43.000,79.820
Ceuta,2015-01-01,54.000,80.180
Ceuta,2016-01-01,52.000,80.630
Ceuta,2017-01-01,54.000,79.190
Ceuta,2018-01-01,53.000,80.390
Ceuta,2019-01-01,57.000,80.420
Ceuta,2020-01-01,60.000,79.140
Ceuta,2021-01-01,62.000,78.300
Ceuta,2022-01-01,63.000,79.710
Ceuta,2023-01-01,70.000,81.110
Ciudad Real,1975-01-01,,72.980
Ciudad Real,1976-01-01,,73.950
Ciudad Real,1977-01-01,,74.090
Ciudad Real,1978-01-01,,73.890
Ciudad Real,1979-01-01,,74.410
Ciudad Real,1980-01-01,493.000,75.190
Ciudad Real,1981-01-01,508.000,74.860
Ciudad Real,1982-01-01,415.000,75.620
Ciudad Real,1983-01-01,518.000,75.280
Ciudad Real,1984-01-01,432.000,75.810
Ciudad Real,1985-01-01,479.000,76.220
Ciudad Real,1986-01-01,430.000,75.760
Ciudad Real,1987-01-01,450.000,76.330
Ciudad Real,1988-01-01,464.000,76.630
Ciudad Real,1989-01-01,510.000,76.870
Ciudad Real,1990-01-01,547.000,76.620
Ciudad Real,1991-01-01,463.000,76.300
Ciudad Real,1992-01-01,482.000,77.330
Ciudad Real,1993-01-01,526.000,77.460
Ciudad Real,1994-01-01,521.000,77.650
Ciudad Real,1995-01-01,525.000,78.100
Ciudad Real,1996-01-01,527.000,78.160
Ciudad Real,1997-01-01,459.000,78.930
Ciudad Real,1998-01-01,571.000,78.690
Ciudad Real,1999-01-01,648.000,78.690
Ciudad Real,2000-01-01,552.000,79.560
Ciudad Real,2001-01-01,519.000,79.490
Ciudad Real,2002-01-01,614.000,79.180
Ciudad Real,2003-01-01,634.000,79.550
Ciudad Real,2004-01-01,555.000,79.900
Ciudad Real,2005-01-01,696.000,79.890
Ciudad Real,2006-01-01,547.000,80.760
Ciudad Real,2007-01-01,668.000,80.700
Ciudad Real,2008-01-01,709.000,80.850
Ciudad Real,2009-01-01,696.000,81.490
Ciudad Real,2010-01-01,656.000,82.110
Ciudad Real,2011-01-01,636.000,81.960
Ciudad Real,2012-01-01,785.000,81.890
Ciudad Real,2013-01-01,637.000,82.430
Ciudad Real,2014-01-01,738.000,82.630
Ciudad Real,2015-01-01,851.000,82.090
Ciudad Real,2016-01-01,755.000,82.680
Ciudad Real,2017-01-01,840.000,82.370
Ciudad Real,2018-01-01,803.000,82.870
Ciudad Real,2019-01-01,794.000,82.980
Ciudad Real,2020-01-01,680.000,80.360
Ciudad Real,2021-01-01,525.000,82.440
Ciudad Real,2022-01-01,595.000,82.950
Ciudad Real,2023-01-01,660.000,83.050
Cordoba,1975-01-01,,73.600
Cordoba,1976-01-01,,73.940
Cordoba,1977-01-01,,74.530
Cordoba,1978-01-01,,74.420
Cordoba,1979-01-01,,75.010
Cordoba,1980-01-01,669.000,75.010
Cordoba,1981-01-01,685.000,75.190
Cordoba,1982-01-01,591.000,76.120
Cordoba,1983-01-01,672.000,76.170
Cordoba,1984-01-01,576.000,76.110
Cordoba,1985-01-01,694.000,76.130
Cordoba,1986-01-01,668.000,76.330
Cordoba,1987-01-01,613.000,76.550
Cordoba,1988-01-01,691.000,76.770
Cordoba,1989-01-01,732.000,76.650
Cordoba,1990-01-01,771.000,76.630
Cordoba,1991-01-01,754.000,76.820
Cordoba,1992-01-01,653.000,77.660
Cordoba,1993-01-01,821.000,77.110
Cordoba,1994-01-01,743.000,77.740
Cordoba,1995-01-01,860.000,77.650
Cordoba,1996-01-01,741.000,78.090
Cordoba,1997-01-01,757.000,78.800
Cordoba,1998-01-01,899.000,78.280
Cordoba,1999-01-01,887.000,78.550
Cordoba,2000-01-01,801.000,79.200
Cordoba,2001-01-01,772.000,79.320
Cordoba,2002-01-01,840.000,79.060
Cordoba,2003-01-01,877.000,79.200
Cordoba,2004-01-01,868.000,79.760
Cordoba,2005-01-01,1.013,79.650
Cordoba,2006-01-01,867.000,80.490
Cordoba,2007-01-01,938.000,80.380
Cordoba,2008-01-01,847.000,80.740
Cordoba,2009-01-01,863.000,81.060
Cordoba,2010-01-01,842.000,81.550
Cordoba,2011-01-01,922.000,81.670
Cordoba,2012-01-01,1.059,81.460
Cordoba,2013-01-01,892.000,82.110
Cordoba,2014-01-01,900.000,82.390
Cordoba,2015-01-01,1.029,82.010
Cordoba,2016-01-01,953.000,82.490
Cordoba,2017-01-01,1.036,82.220
Cordoba,2018-01-01,984.000,82.510
Cordoba,2019-01-01,935.000,82.750
Cordoba,2020-01-01,790.000,82.250
Cordoba,2021-01-01,706.000,82.120
Cordoba,2022-01-01,854.000,81.940
Cordoba,2023-01-01,971.000,82.630
Cuenca,1975-01-01,,74.980
Cuenca,1976-01-01,,75.380
Cuenca,1977-01-01,,75.340
Cuenca,1978-01-01,,75.490
Cuenca,1979-01-01,,75.440
Cuenca,1980-01-01,205.000,76.070
Cuenca,1981-01-01,213.000,75.630
Cuenca,1982-01-01,163.000,76.820
Cuenca,1983-01-01,187.000,76.420
Cuenca,1984-01-01,193.000,76.550
Cuenca,1985-01-01,218.000,76.350
Cuenca,1986-01-01,154.000,77.150
Cuenca,1987-01-01,174.000,78.000
Cuenca,1988-01-01,183.000,78.140
Cuenca,1989-01-01,183.000,78.020
Cuenca,1990-01-01,215.000,78.910
Cuenca,1991-01-01,229.000,78.940
Cuenca,1992-01-01,259.000,79.510
Cuenca,1993-01-01,248.000,79.580
Cuenca,1994-01-01,239.000,79.430
Cuenca,1995-01-01,262.000,79.800
Cuenca,1996-01-01,260.000,79.530
Cuenca,1997-01-01,211.000,80.410
Cuenca,1998-01-01,231.000,80.600
Cuenca,1999-01-01,264.000,80.490
Cuenca,2000-01-01,248.000,81.160
Cuenca,2001-01-01,264.000,80.880
Cuenca,2002-01-01,281.000,80.920
Cuenca,2003-01-01,295.000,81.510
Cuenca,2004-01-01,290.000,81.620
Cuenca,2005-01-01,312.000,81.660
Cuenca,2006-01-01,291.000,82.160
Cuenca,2007-01-01,297.000,82.200
Cuenca,2008-01-01,346.000,82.010
Cuenca,2009-01-01,315.000,83.130
Cuenca,2010-01-01,268.000,82.870
Cuenca,2011-01-01,303.000,83.090
Cuenca,2012-01-01,350.000,82.110
Cuenca,2013-01-01,277.000,82.510
Cuenca,2014-01-01,328.000,83.370
Cuenca,2015-01-01,368.000,82.870
Cuenca,2016-01-01,330.000,83.180
Cuenca,2017-01-01,376.000,83.240
Cuenca,2018-01-01,327.000,83.280
Cuenca,2019-01-01,339.000,83.620
Cuenca,2020-01-01,357.000,80.780
Cuenca,2021-01-01,248.000,83.360
Cuenca,2022-01-01,286.000,83.090
Cuenca,2023-01-01,280.000,83.300
Gipuzkoa,1975-01-01,,72.760
Gipuzkoa,1976-01-01,,73.000
Gipuzkoa,1977-01-01,,73.760
Gipuzkoa,1978-01-01,,74.400
Gipuzkoa,1979-01-01,,75.130
Gipuzkoa,1980-01-01,465.000,75.520
Gipuzkoa,1981-01-01,454.000,75.390
Gipuzkoa,1982-01-01,442.000,75.850
Gipuzkoa,1983-01-01,591.000,75.450
Gipuzkoa,1984-01-01,453.000,76.220
Gipuzkoa,1985-01-01,567.000,75.870
Gipuzkoa,1986-01-01,509.000,76.040
Gipuzkoa,1987-01-01,429.000,76.560
Gipuzkoa,1988-01-01,468.000,76.490
Gipuzkoa,1989-01-01,499.000,76.920
Gipuzkoa,1990-01-01,507.000,77.210
Gipuzkoa,1991-01-01,459.000,76.880
Gipuzkoa,1992-01-01,471.000,77.720
Gipuzkoa,1993-01-01,529.000,77.910
Gipuzkoa,1994-01-01,474.000,78.250
Gipuzkoa,1995-01-01,539.000,78.550
Gipuzkoa,1996-01-01,573.000,78.000
Gipuzkoa,1997-01-01,525.000,78.950
Gipuzkoa,1998-01-01,703.000,78.830
Gipuzkoa,1999-01-01,699.000,79.380
Gipuzkoa,2000-01-01,672.000,79.910
Gipuzkoa,2001-01-01,547.000,80.180
Gipuzkoa,2002-01-01,635.000,80.170
Gipuzkoa,2003-01-01,733.000,80.390
Gipuzkoa,2004-01-01,629.000,80.920
Gipuzkoa,2005-01-01,719.000,81.220
Gipuzkoa,2006-01-01,600.000,81.830
Gipuzkoa,2007-01-01,676.000,81.340
Gipuzkoa,2008-01-01,633.000,81.830
Gipuzkoa,2009-01-01,618.000,82.220
Gipuzkoa,2010-01-01,567.000,82.740
Gipuzkoa,2011-01-01,574.000,82.740
Gipuzkoa,2012-01-01,611.000,82.860
Gipuzkoa,2013-01-01,601.000,83.040
Gipuzkoa,2014-01-01,665.000,83.300
Gipuzkoa,2015-01-01,677.000,83.100
Gipuzkoa,2016-01-01,663.000,83.600
Gipuzkoa,2017-01-01,734.000,83.480
Gipuzkoa,2018-01-01,714.000,83.650
Gipuzkoa,2019-01-01,644.000,84.170
Gipuzkoa,2020-01-01,464.000,83.330
Gipuzkoa,2021-01-01,433.000,83.470
Gipuzkoa,2022-01-01,459.000,83.390
Gipuzkoa,2023-01-01,523.000,84.150
Girona,1975-01-01,,72.940
Girona,1976-01-01,,73.110
Girona,1977-01-01,,74.140
Girona,1978-01-01,,73.950
Girona,1979-01-01,,74.540
Girona,1980-01-01,353.000,75.000
Girona,1981-01-01,422.000,75.230
Girona,1982-01-01,288.000,75.780
Girona,1983-01-01,291.000,75.720
Girona,1984-01-01,340.000,76.090
Girona,1985-01-01,313.000,76.650
Girona,1986-01-01,321.000,76.770
Girona,1987-01-01,316.000,76.770
Girona,1988-01-01,320.000,76.710
Girona,1989-01-01,344.000,77.160
Girona,1990-01-01,405.000,77.250
Girona,1991-01-01,388.000,77.510
Girona,1992-01-01,417.000,77.640
Girona,1993-01-01,433.000,78.120
Girona,1994-01-01,386.000,78.600
Girona,1995-01-01,433.000,78.340
Girona,1996-01-01,454.000,78.720
Girona,1997-01-01,476.000,79.090
Girona,1998-01-01,486.000,79.560
Girona,1999-01-01,532.000,79.170
Girona,2000-01-01,468.000,79.760
Girona,2001-01-01,470.000,79.790
Girona,2002-01-01,512.000,79.890
Girona,2003-01-01,542.000,80.030
Girona,2004-01-01,487.000,80.570
Girona,2005-01-01,599.000,80.620
Girona,2006-01-01,472.000,81.390
Girona,2007-01-01,588.000,81.560
Girona,2008-01-01,534.000,81.760
Girona,2009-01-01,585.000,81.840
Girona,2010-01-01,510.000,82.250
Girona,2011-01-01,554.000,82.580
Girona,2012-01-01,627.000,82.350
Girona,2013-01-01,546.000,83.000
Girona,2014-01-01,525.000,82.860
Girona,2015-01-01,643.000,82.740
Girona,2016-01-01,583.000,83.290
Girona,2017-01-01,639.000,83.120
Girona,2018-01-01,759.000,83.130
Girona,2019-01-01,629.000,83.150
Girona,2020-01-01,527.000,82.630
Girona,2021-01-01,441.000,83.020
Girona,2022-01-01,571.000,83.020
Girona,2023-01-01,647.000,83.500
Granada,1975-01-01,,72.780
Granada,1976-01-01,,73.100
Granada,1977-01-01,,73.750
Granada,1978-01-01,,73.900
Granada,1979-01-01,,74.650
Granada,1980-01-01,667.000,74.970
Granada,1981-01-01,682.000,74.560
Granada,1982-01-01,606.000,75.410
Granada,1983-01-01,676.000,75.190
Granada,1984-01-01,631.000,75.120
Granada,1985-01-01,672.000,75.810
Granada,1986-01-01,689.000,75.680
Granada,1987-01-01,694.000,76.050
Granada,1988-01-01,756.000,76.090
Granada,1989-01-01,780.000,76.140
Granada,1990-01-01,712.000,76.440
Granada,1991-01-01,683.000,76.650
Granada,1992-01-01,651.000,77.050
Granada,1993-01-01,730.000,76.920
Granada,1994-01-01,713.000,77.410
Granada,1995-01-01,723.000,77.870
Granada,1996-01-01,728.000,77.650
Granada,1997-01-01,734.000,77.990
Granada,1998-01-01,821.000,77.740
Granada,1999-01-01,851.000,77.550
Granada,2000-01-01,748.000,78.330
Granada,2001-01-01,693.000,78.920
Granada,2002-01-01,798.000,78.700
Granada,2003-01-01,748.000,78.760
Granada,2004-01-01,740.000,79.060
Granada,2005-01-01,871.000,79.160
Granada,2006-01-01,691.000,79.730
Granada,2007-01-01,875.000,79.580
Granada,2008-01-01,826.000,80.190
Granada,2009-01-01,757.000,80.390
Granada,2010-01-01,724.000,80.770
Granada,2011-01-01,821.000,81.060
Granada,2012-01-01,917.000,81.160
Granada,2013-01-01,817.000,81.940
Granada,2014-01-01,820.000,81.940
Granada,2015-01-01,1.055,81.400
Granada,2016-01-01,906.000,82.210
Granada,2017-01-01,932.000,82.130
Granada,2018-01-01,1.036,81.830
Granada,2019-01-01,883.000,82.430
Granada,2020-01-01,743.000,81.400
Granada,2021-01-01,636.000,81.800
Granada,2022-01-01,725.000,82.670
Granada,2023-01-01,885.000,82.940
Guadalajara,1975-01-01,,74.950
Guadalajara,1976-01-01,,75.850
Guadalajara,1977-01-01,,76.480
Guadalajara,1978-01-01,,76.850
Guadalajara,1979-01-01,,77.660
Guadalajara,1980-01-01,115.000,77.490
Guadalajara,1981-01-01,101.000,77.940
Guadalajara,1982-01-01,110.000,78.130
Guadalajara,1983-01-01,135.000,77.710
Guadalajara,1984-01-01,102.000,77.350
Guadalajara,1985-01-01,150.000,78.000
Guadalajara,1986-01-01,139.000,78.550
Guadalajara,1987-01-01,138.000,78.680
Guadalajara,1988-01-01,116.000,78.970
Guadalajara,1989-01-01,129.000,79.630
Guadalajara,1990-01-01,178.000,79.100
Guadalajara,1991-01-01,127.000,79.900
Guadalajara,1992-01-01,155.000,79.800
Guadalajara,1993-01-01,158.000,79.620
Guadalajara,1994-01-01,166.000,79.550
Guadalajara,1995-01-01,158.000,80.770
Guadalajara,1996-01-01,167.000,80.230
Guadalajara,1997-01-01,161.000,81.460
Guadalajara,1998-01-01,209.000,81.240
Guadalajara,1999-01-01,213.000,81.250
Guadalajara,2000-01-01,178.000,81.720
Guadalajara,2001-01-01,210.000,81.090
Guadalajara,2002-01-01,181.000,81.590
Guadalajara,2003-01-01,203.000,82.350
Guadalajara,2004-01-01,212.000,81.690
Guadalajara,2005-01-01,261.000,82.250
Guadalajara,2006-01-01,221.000,83.120
Guadalajara,2007-01-01,232.000,82.390
Guadalajara,2008-01-01,248.000,83.220
Guadalajara,2009-01-01,205.000,83.740
Guadalajara,2010-01-01,189.000,83.760
Guadalajara,2011-01-01,183.000,83.610
Guadalajara,2012-01-01,253.000,83.770
Guadalajara,2013-01-01,226.000,84.530
Guadalajara,2014-01-01,221.000,84.360
Guadalajara,2015-01-01,268.000,83.660
Guadalajara,2016-01-01,266.000,83.890
Guadalajara,2017-01-01,271.000,84.060
Guadalajara,2018-01-01,249.000,84.210
Guadalajara,2019-01-01,217.000,84.730
Guadalajara,2020-01-01,279.000,82.290
Guadalajara,2021-01-01,186.000,83.860
Guadalajara,2022-01-01,240.000,83.720
Guadalajara,2023-01-01,285.000,84.710
Huelva,1975-01-01,,72.270
Huelva,1976-01-01,,72.430
Huelva,1977-01-01,,73.310
Huelva,1978-01-01,,72.730
Huelva,1979-01-01,,73.650
Huelva,1980-01-01,316.000,73.860
Huelva,1981-01-01,301.000,74.220
Huelva,1982-01-01,355.000,74.520
Huelva,1983-01-01,366.000,74.860
Huelva,1984-01-01,297.000,75.230
Huelva,1985-01-01,364.000,75.290
Huelva,1986-01-01,386.000,75.850
Huelva,1987-01-01,317.000,75.920
Huelva,1988-01-01,370.000,75.560
Huelva,1989-01-01,381.000,75.960
Huelva,1990-01-01,380.000,75.950
Huelva,1991-01-01,329.000,76.490
Huelva,1992-01-01,304.000,76.350
Huelva,1993-01-01,342.000,76.450
Huelva,1994-01-01,370.000,76.840
Huelva,1995-01-01,367.000,77.080
Huelva,1996-01-01,409.000,76.960
Huelva,1997-01-01,420.000,77.450
Huelva,1998-01-01,501.000,77.450
Huelva,1999-01-01,502.000,77.630
Huelva,2000-01-01,460.000,77.940
Huelva,2001-01-01,418.000,78.090
Huelva,2002-01-01,418.000,78.460
Huelva,2003-01-01,466.000,78.280
Huelva,2004-01-01,421.000,78.950
Huelva,2005-01-01,474.000,78.760
Huelva,2006-01-01,414.000,79.410
Huelva,2007-01-01,484.000,79.010
Huelva,2008-01-01,412.000,79.720
Huelva,2009-01-01,430.000,80.210
Huelva,2010-01-01,367.000,80.600
Huelva,2011-01-01,422.000,80.620
Huelva,2012-01-01,510.000,80.040
Huelva,2013-01-01,424.000,80.720
Huelva,2014-01-01,388.000,81.240
Huelva,2015-01-01,466.000,81.370
Huelva,2016-01-01,390.000,81.390
Huelva,2017-01-01,442.000,81.710
Huelva,2018-01-01,437.000,81.500
Huelva,2019-01-01,415.000,81.840
Huelva,2020-01-01,387.000,81.430
Huelva,2021-01-01,321.000,81.160
Huelva,2022-01-01,352.000,81.590
Huelva,2023-01-01,428.000,81.830
Huesca,1975-01-01,,74.840
Huesca,1976-01-01,,75.690
Huesca,1977-01-01,,76.230
Huesca,1978-01-01,,76.330
Huesca,1979-01-01,,76.550
Huesca,1980-01-01,133.000,76.750
Huesca,1981-01-01,166.000,77.600
Huesca,1982-01-01,160.000,78.420
Huesca,1983-01-01,233.000,76.870
Huesca,1984-01-01,207.000,77.150
Huesca,1985-01-01,177.000,77.330
Huesca,1986-01-01,207.000,77.330
Huesca,1987-01-01,173.000,76.310
Huesca,1988-01-01,184.000,77.980
Huesca,1989-01-01,190.000,78.450
Huesca,1990-01-01,233.000,78.620
Huesca,1991-01-01,247.000,79.220
Huesca,1992-01-01,194.000,80.420
Huesca,1993-01-01,210.000,80.120
Huesca,1994-01-01,256.000,79.220
Huesca,1995-01-01,272.000,79.070
Huesca,1996-01-01,307.000,78.860
Huesca,1997-01-01,262.000,79.670
Huesca,1998-01-01,271.000,79.820
Huesca,1999-01-01,326.000,79.310
Huesca,2000-01-01,268.000,80.600
Huesca,2001-01-01,217.000,80.230
Huesca,2002-01-01,252.000,80.390
Huesca,2003-01-01,262.000,80.800
Huesca,2004-01-01,252.000,81.030
Huesca,2005-01-01,290.000,81.220
Huesca,2006-01-01,215.000,81.580
Huesca,2007-01-01,248.000,82.370
Huesca,2008-01-01,227.000,82.540
Huesca,2009-01-01,262.000,82.130
Huesca,2010-01-01,219.000,82.190
Huesca,2011-01-01,257.000,82.740
Huesca,2012-01-01,268.000,82.760
Huesca,2013-01-01,212.000,83.430
Huesca,2014-01-01,247.000,83.250
Huesca,2015-01-01,259.000,82.780
Huesca,2016-01-01,234.000,83.000
Huesca,2017-01-01,301.000,83.200
Huesca,2018-01-01,281.000,83.350
Huesca,2019-01-01,216.000,84.140
Huesca,2020-01-01,248.000,82.920
Huesca,2021-01-01,156.000,83.690
Huesca,2022-01-01,194.000,82.940
Huesca,2023-01-01,173.000,84.410
Illes Balears,1975-01-01,,73.630
Illes Balears,1976-01-01,,73.670
Illes Balears,1977-01-01,,74.110
Illes Balears,1978-01-01,,74.620
Illes Balears,1979-01-01,,74.610
Illes Balears,1980-01-01,454.000,75.340
Illes Balears,1981-01-01,467.000,76.090
Illes Balears,1982-01-01,452.000,75.760
Illes Balears,1983-01-01,564.000,74.430
Illes Balears,1984-01-01,523.000,75.220
Illes Balears,1985-01-01,477.000,75.150
Illes Balears,1986-01-01,524.000,74.990
Illes Balears,1987-01-01,419.000,75.480
Illes Balears,1988-01-01,455.000,75.960
Illes Balears,1989-01-01,528.000,75.730
Illes Balears,1990-01-01,537.000,75.820
Illes Balears,1991-01-01,545.000,76.100
Illes Balears,1992-01-01,557.000,76.760
Illes Balears,1993-01-01,638.000,76.970
Illes Balears,1994-01-01,579.000,77.630
Illes Balears,1995-01-01,663.000,77.320
Illes Balears,1996-01-01,693.000,77.660
Illes Balears,1997-01-01,751.000,78.280
Illes Balears,1998-01-01,716.000,78.460
Illes Balears,1999-01-01,837.000,78.130
Illes Balears,2000-01-01,788.000,78.420
Illes Balears,2001-01-01,694.000,79.140
Illes Balears,2002-01-01,737.000,79.470
Illes Balears,2003-01-01,742.000,79.780
Illes Balears,2004-01-01,641.000,80.270
Illes Balears,2005-01-01,784.000,80.330
Illes Balears,2006-01-01,608.000,80.850
Illes Balears,2007-01-01,727.000,81.260
Illes Balears,2008-01-01,696.000,81.190
Illes Balears,2009-01-01,683.000,81.150
Illes Balears,2010-01-01,627.000,81.560
Illes Balears,2011-01-01,747.000,81.930
Illes Balears,2012-01-01,893.000,81.850
Illes Balears,2013-01-01,755.000,82.560
Illes Balears,2014-01-01,778.000,82.600
Illes Balears,2015-01-01,927.000,82.280
Illes Balears,2016-01-01,792.000,82.860
Illes Balears,2017-01-01,841.000,82.680
Illes Balears,2018-01-01,869.000,82.970
Illes Balears,2019-01-01,745.000,83.400
Illes Balears,2020-01-01,734.000,83.110
Illes Balears,2021-01-01,616.000,83.000
Illes Balears,2022-01-01,782.000,82.900
Illes Balears,2023-01-01,774.000,83.710
Jaen,1975-01-01,,74.040
Jaen,1976-01-01,,73.540
Jaen,1977-01-01,,74.590
Jaen,1978-01-01,,74.640
Jaen,1979-01-01,,75.000
Jaen,1980-01-01,587.000,75.640
Jaen,1981-01-01,662.000,75.720
Jaen,1982-01-01,600.000,76.050
Jaen,1983-01-01,716.000,75.850
Jaen,1984-01-01,655.000,76.070
Jaen,1985-01-01,683.000,76.170
Jaen,1986-01-01,673.000,75.930
Jaen,1987-01-01,689.000,76.400
Jaen,1988-01-01,685.000,76.290
Jaen,1989-01-01,587.000,76.710
Jaen,1990-01-01,829.000,76.640
Jaen,1991-01-01,695.000,77.270
Jaen,1992-01-01,604.000,77.860
Jaen,1993-01-01,732.000,77.550
Jaen,1994-01-01,680.000,77.830
Jaen,1995-01-01,758.000,78.130
Jaen,1996-01-01,688.000,78.290
Jaen,1997-01-01,705.000,78.380
Jaen,1998-01-01,820.000,78.040
Jaen,1999-01-01,824.000,78.390
Jaen,2000-01-01,709.000,78.610
Jaen,2001-01-01,637.000,79.110
Jaen,2002-01-01,724.000,79.240
Jaen,2003-01-01,786.000,79.020
Jaen,2004-01-01,693.000,79.360
Jaen,2005-01-01,882.000,79.470
Jaen,2006-01-01,635.000,80.340
Jaen,2007-01-01,785.000,79.800
Jaen,2008-01-01,734.000,80.280
Jaen,2009-01-01,772.000,80.330
Jaen,2010-01-01,748.000,81.320
Jaen,2011-01-01,800.000,80.970
Jaen,2012-01-01,822.000,81.350
Jaen,2013-01-01,740.000,81.730
Jaen,2014-01-01,738.000,81.940
Jaen,2015-01-01,914.000,81.570
Jaen,2016-01-01,798.000,81.960
Jaen,2017-01-01,879.000,82.090
Jaen,2018-01-01,954.000,81.920
Jaen,2019-01-01,829.000,82.280
Jaen,2020-01-01,671.000,81.350
Jaen,2021-01-01,608.000,81.800
Jaen,2022-01-01,690.000,81.720
Jaen,2023-01-01,810.000,82.680
La Rioja,1975-01-01,,73.110
La Rioja,1976-01-01,,73.880
La Rioja,1977-01-01,,74.100
La Rioja,1978-01-01,,74.610
La Rioja,1979-01-01,,74.710
La Rioja,1980-01-01,249.000,74.980
La Rioja,1981-01-01,275.000,74.970
La Rioja,1982-01-01,218.000,76.220
La Rioja,1983-01-01,214.000,76.140
La Rioja,1984-01-01,216.000,76.950
La Rioja,1985-01-01,276.000,75.950
La Rioja,1986-01-01,206.000,76.810
La Rioja,1987-01-01,199.000,76.370
La Rioja,1988-01-01,197.000,77.110
La Rioja,1989-01-01,226.000,77.180
La Rioja,1990-01-01,282.000,76.680
La Rioja,1991-01-01,259.000,77.760
La Rioja,1992-01-01,234.000,77.940
La Rioja,1993-01-01,246.000,78.470
La Rioja,1994-01-01,216.000,79.010
La Rioja,1995-01-01,227.000,79.100
La Rioja,1996-01-01,249.000,79.160
La Rioja,1997-01-01,253.000,79.850
La Rioja,1998-01-01,251.000,79.660
La Rioja,1999-01-01,353.000,79.450
La Rioja,2000-01-01,293.000,80.430
La Rioja,2001-01-01,268.000,80.550
La Rioja,2002-01-01,305.000,80.480
La Rioja,2003-01-01,304.000,80.600
La Rioja,2004-01-01,258.000,81.350
La Rioja,2005-01-01,341.000,80.970
La Rioja,2006-01-01,272.000,81.880
La Rioja,2007-01-01,275.000,81.490
La Rioja,2008-01-01,324.000,81.930
La Rioja,2009-01-01,278.000,82.520
La Rioja,2010-01-01,231.000,82.950
La Rioja,2011-01-01,255.000,82.850
La Rioja,2012-01-01,282.000,82.660
La Rioja,2013-01-01,261.000,83.610
La Rioja,2014-01-01,278.000,83.780
La Rioja,2015-01-01,286.000,83.370
La Rioja,2016-01-01,285.000,83.800
La Rioja,2017-01-01,329.000,83.610
La Rioja,2018-01-01,365.000,83.630
La Rioja,2019-01-01,312.000,83.830
La Rioja,2020-01-01,262.000,82.500
La Rioja,2021-01-01,284.000,83.270
La Rioja,2022-01-01,320.000,83.200
La Rioja,2023-01-01,283.000,84.170
Las Palmas,1975-01-01,,72.630
Las Palmas,1976-01-01,,71.830
Las Palmas,1977-01-01,,72.910
Las Palmas,1978-01-01,,72.400
Las Palmas,1979-01-01,,72.610
Las Palmas,1980-01-01,279.000,73.710
Las Palmas,1981-01-01,266.000,74.190
Las Palmas,1982-01-01,298.000,74.130
Las Palmas,1983-01-01,341.000,74.230
Las Palmas,1984-01-01,285.000,74.950
Las Palmas,1985-01-01,371.000,74.460
Las Palmas,1986-01-01,290.000,75.360
Las Palmas,1987-01-01,388.000,74.900
Las Palmas,1988-01-01,419.000,74.570
Las Palmas,1989-01-01,472.000,74.710
Las Palmas,1990-01-01,503.000,75.310
Las Palmas,1991-01-01,399.000,75.430
Las Palmas,1992-01-01,448.000,76.200
Las Palmas,1993-01-01,477.000,75.790
Las Palmas,1994-01-01,369.000,76.610
Las Palmas,1995-01-01,411.000,77.060
Las Palmas,1996-01-01,461.000,76.950
Las Palmas,1997-01-01,458.000,77.240
Las Palmas,1998-01-01,573.000,77.080
Las Palmas,1999-01-01,661.000,76.700
Las Palmas,2000-01-01,568.000,77.000
Las Palmas,2001-01-01,557.000,77.570
Las Palmas,2002-01-01,564.000,77.870
Las Palmas,2003-01-01,481.000,78.210
Las Palmas,2004-01-01,493.000,78.620
Las Palmas,2005-01-01,593.000,78.820
Las Palmas,2006-01-01,598.000,79.450
Las Palmas,2007-01-01,552.000,79.900
Las Palmas,2008-01-01,632.000,79.340
Las Palmas,2009-01-01,543.000,80.850
Las Palmas,2010-01-01,497.000,81.280
Las Palmas,2011-01-01,554.000,81.260
Las Palmas,2012-01-01,657.000,81.250
Las Palmas,2013-01-01,712.000,81.690
Las Palmas,2014-01-01,738.000,81.740
Las Palmas,2015-01-01,874.000,81.620
Las Palmas,2016-01-01,860.000,81.850
Las Palmas,2017-01-01,878.000,81.990
Las Palmas,2018-01-01,990.000,81.690
Las Palmas,2019-01-01,1.070,82.270
Las Palmas,2020-01-01,928.000,81.900
Las Palmas,2021-01-01,927.000,81.920
Las Palmas,2022-01-01,1.056,81.560
Las Palmas,2023-01-01,1.088,82.080
Leon,1975-01-01,,73.310
Leon,1976-01-01,,73.350
Leon,1977-01-01,,73.430
Leon,1978-01-01,,73.880
Leon,1979-01-01,,73.980
Leon,1980-01-01,469.000,74.920
Leon,1981-01-01,556.000,74.500
Leon,1982-01-01,480.000,75.440
Leon,1983-01-01,550.000,75.330
Leon,1984-01-01,518.000,75.990
Leon,1985-01-01,558.000,76.110
Leon,1986-01-01,528.000,76.200
Leon,1987-01-01,491.000,76.370
Leon,1988-01-01,491.000,77.130
Leon,1989-01-01,518.000,77.490
Leon,1990-01-01,590.000,77.340
Leon,1991-01-01,549.000,78.210
Leon,1992-01-01,520.000,78.710
Leon,1993-01-01,532.000,78.830
Leon,1994-01-01,520.000,79.090
Leon,1995-01-01,488.000,79.510
Leon,1996-01-01,585.000,79.450
Leon,1997-01-01,588.000,79.720
Leon,1998-01-01,622.000,79.880
Leon,1999-01-01,689.000,80.220
Leon,2000-01-01,700.000,80.340
Leon,2001-01-01,592.000,80.450
Leon,2002-01-01,703.000,80.840
Leon,2003-01-01,697.000,80.820
Leon,2004-01-01,691.000,80.940
Leon,2005-01-01,825.000,81.040
Leon,2006-01-01,651.000,81.560
Leon,2007-01-01,741.000,81.180
Leon,2008-01-01,689.000,81.780
Leon,2009-01-01,712.000,82.570
Leon,2010-01-01,668.000,82.580
Leon,2011-01-01,652.000,82.970
Leon,2012-01-01,801.000,82.910
Leon,2013-01-01,692.000,82.730
Leon,2014-01-01,709.000,83.120
Leon,2015-01-01,808.000,83.260
Leon,2016-01-01,786.000,83.480
Leon,2017-01-01,799.000,83.690
Leon,2018-01-01,890.000,83.560
Leon,2019-01-01,760.000,83.620
Leon,2020-01-01,634.000,82.480
Leon,2021-01-01,431.000,83.490
Leon,2022-01-01,557.000,83.290
Leon,2023-01-01,694.000,84.200
Lleida,1975-01-01,,73.130
Lleida,1976-01-01,,74.240
Lleida,1977-01-01,,74.340
Lleida,1978-01-01,,74.520
Lleida,1979-01-01,,74.830
Lleida,1980-01-01,250.000,75.580
Lleida,1981-01-01,247.000,76.510
Lleida,1982-01-01,245.000,76.490
Lleida,1983-01-01,226.000,76.200
Lleida,1984-01-01,205.000,76.530
Lleida,1985-01-01,265.000,76.350
Lleida,1986-01-01,284.000,76.810
Lleida,1987-01-01,233.000,76.790
Lleida,1988-01-01,244.000,77.120
Lleida,1989-01-01,306.000,77.030
Lleida,1990-01-01,288.000,77.160
Lleida,1991-01-01,278.000,77.300
Lleida,1992-01-01,297.000,77.410
Lleida,1993-01-01,333.000,77.860
Lleida,1994-01-01,374.000,78.230
Lleida,1995-01-01,416.000,78.070
Lleida,1996-01-01,402.000,78.760
Lleida,1997-01-01,469.000,78.810
Lleida,1998-01-01,499.000,78.710
Lleida,1999-01-01,546.000,79.250
Lleida,2000-01-01,432.000,79.660
Lleida,2001-01-01,428.000,80.160
Lleida,2002-01-01,473.000,79.550
Lleida,2003-01-01,557.000,79.720
Lleida,2004-01-01,420.000,80.050
Lleida,2005-01-01,559.000,80.150
Lleida,2006-01-01,416.000,80.880
Lleida,2007-01-01,447.000,80.880
Lleida,2008-01-01,459.000,81.630
Lleida,2009-01-01,471.000,81.760
Lleida,2010-01-01,453.000,81.800
Lleida,2011-01-01,523.000,82.080
Lleida,2012-01-01,523.000,82.440
Lleida,2013-01-01,533.000,82.610
Lleida,2014-01-01,520.000,82.920
Lleida,2015-01-01,587.000,82.790
Lleida,2016-01-01,476.000,83.440
Lleida,2017-01-01,600.000,83.120
Lleida,2018-01-01,597.000,83.140
Lleida,2019-01-01,509.000,83.530
Lleida,2020-01-01,416.000,82.280
Lleida,2021-01-01,370.000,82.760
Lleida,2022-01-01,456.000,83.010
Lleida,2023-01-01,549.000,83.650
Lugo,1975-01-01,,72.500
Lugo,1976-01-01,,72.630
Lugo,1977-01-01,,73.300
Lugo,1978-01-01,,73.940
Lugo,1979-01-01,,74.250
Lugo,1980-01-01,537.000,75.280
Lugo,1981-01-01,541.000,75.220
Lugo,1982-01-01,494.000,75.340
Lugo,1983-01-01,553.000,75.370
Lugo,1984-01-01,525.000,76.170
Lugo,1985-01-01,565.000,75.760
Lugo,1986-01-01,549.000,76.130
Lugo,1987-01-01,483.000,76.810
Lugo,1988-01-01,526.000,76.690
Lugo,1989-01-01,520.000,76.580
Lugo,1990-01-01,614.000,76.170
Lugo,1991-01-01,582.000,76.030
Lugo,1992-01-01,565.000,76.980
Lugo,1993-01-01,509.000,78.050
Lugo,1994-01-01,556.000,78.200
Lugo,1995-01-01,645.000,77.790
Lugo,1996-01-01,662.000,77.670
Lugo,1997-01-01,610.000,78.500
Lugo,1998-01-01,621.000,78.600
Lugo,1999-01-01,750.000,78.990
Lugo,2000-01-01,700.000,79.210
Lugo,2001-01-01,600.000,79.590
Lugo,2002-01-01,676.000,79.520
Lugo,2003-01-01,679.000,79.580
Lugo,2004-01-01,588.000,80.730
Lugo,2005-01-01,591.000,80.740
Lugo,2006-01-01,562.000,80.810
Lugo,2007-01-01,562.000,81.160
Lugo,2008-01-01,575.000,81.520
Lugo,2009-01-01,530.000,81.250
Lugo,2010-01-01,486.000,82.060
Lugo,2011-01-01,477.000,82.290
Lugo,2012-01-01,572.000,81.920
Lugo,2013-01-01,546.000,82.660
Lugo,2014-01-01,512.000,82.660
Lugo,2015-01-01,635.000,82.390
Lugo,2016-01-01,530.000,82.580
Lugo,2017-01-01,616.000,83.000
Lugo,2018-01-01,641.000,82.910
Lugo,2019-01-01,498.000,83.710
Lugo,2020-01-01,492.000,83.100
Lugo,2021-01-01,425.000,83.380
Lugo,2022-01-01,572.000,83.230
Lugo,2023-01-01,570.000,83.380
Madrid,1975-01-01,,74.460
Madrid,1976-01-01,,74.600
Madrid,1977-01-01,,74.980
Madrid,1978-01-01,,75.260
Madrid,1979-01-01,,75.710
Madrid,1980-01-01,2.591,76.090
Madrid,1981-01-01,2.721,75.650
Madrid,1982-01-01,2.455,76.610
Madrid,1983-01-01,2.710,76.210
Madrid,1984-01-01,2.628,76.740
Madrid,1985-01-01,2.968,76.770
Madrid,1986-01-01,2.510,77.480
Madrid,1987-01-01,2.807,77.320
Madrid,1988-01-01,2.992,77.250
Madrid,1989-01-01,3.165,77.430
Madrid,1990-01-01,3.605,77.240
Madrid,1991-01-01,3.858,77.580
Madrid,1992-01-01,3.519,78.100
Madrid,1993-01-01,3.805,78.320
Madrid,1994-01-01,3.547,78.750
Madrid,1995-01-01,3.941,78.810
Madrid,1996-01-01,4.128,79.180
Madrid,1997-01-01,4.050,79.970
Madrid,1998-01-01,4.625,79.930
Madrid,1999-01-01,5.056,80.190
Madrid,2000-01-01,4.662,80.360
Madrid,2001-01-01,4.805,80.580
Madrid,2002-01-01,5.181,80.810
Madrid,2003-01-01,5.907,80.630
Madrid,2004-01-01,5.297,81.240
Madrid,2005-01-01,6.235,81.500
Madrid,2006-01-01,5.596,82.060
Madrid,2007-01-01,6.292,82.080
Madrid,2008-01-01,6.654,82.580
Madrid,2009-01-01,6.111,82.930
Madrid,2010-01-01,5.512,83.390
Madrid,2011-01-01,5.906,83.630
Madrid,2012-01-01,6.429,83.640
Madrid,2013-01-01,6.035,84.130
Madrid,2014-01-01,6.274,84.200
Madrid,2015-01-01,7.340,83.970
Madrid,2016-01-01,6.530,84.500
Madrid,2017-01-01,7.008,84.480
Madrid,2018-01-01,6.916,84.730
Madrid,2019-01-01,6.670,84.930
Madrid,2020-01-01,6.283,82.270
Madrid,2021-01-01,5.232,84.560
Madrid,2022-01-01,6.137,84.760
Madrid,2023-01-01,6.864,85.390
Malaga,1975-01-01,,71.900
Malaga,1976-01-01,,72.270
Malaga,1977-01-01,,73.230
Malaga,1978-01-01,,72.950
Malaga,1979-01-01,,73.320
Malaga,1980-01-01,747.000,74.150
Malaga,1981-01-01,729.000,74.280
Malaga,1982-01-01,705.000,74.440
Malaga,1983-01-01,785.000,74.750
Malaga,1984-01-01,849.000,74.900
Malaga,1985-01-01,1.031,74.730
Malaga,1986-01-01,917.000,74.960
Malaga,1987-01-01,986.000,74.910
Malaga,1988-01-01,920.000,75.180
Malaga,1989-01-01,991.000,75.370
Malaga,1990-01-01,1.042,75.550
Malaga,1991-01-01,1.018,75.690
Malaga,1992-01-01,902.000,76.230
Malaga,1993-01-01,959.000,76.350
Malaga,1994-01-01,962.000,76.490
Malaga,1995-01-01,1.062,76.880
Malaga,1996-01-01,1.070,76.780
Malaga,1997-01-01,1.104,77.330
Malaga,1998-01-01,1.145,77.610
Malaga,1999-01-01,1.126,77.640
Malaga,2000-01-01,1.001,78.000
Malaga,2001-01-01,1.000,78.260
Malaga,2002-01-01,1.074,78.520
Malaga,2003-01-01,1.224,78.260
Malaga,2004-01-01,1.072,78.980
Malaga,2005-01-01,1.353,78.860
Malaga,2006-01-01,1.129,79.520
Malaga,2007-01-01,1.191,79.660
Malaga,2008-01-01,1.212,79.890
Malaga,2009-01-01,1.278,80.500
Malaga,2010-01-01,1.099,80.860
Malaga,2011-01-01,1.215,81.210
Malaga,2012-01-01,1.336,81.260
Malaga,2013-01-01,1.154,81.710
Malaga,2014-01-01,1.227,81.640
Malaga,2015-01-01,1.524,81.650
Malaga,2016-01-01,1.304,82.100
Malaga,2017-01-01,1.348,82.220
Malaga,2018-01-01,1.423,81.960
Malaga,2019-01-01,1.237,82.540
Malaga,2020-01-01,1.108,81.970
Malaga,2021-01-01,1.000,81.820
Malaga,2022-01-01,1.241,82.150
Malaga,2023-01-01,1.363,82.900
Melilla,1975-01-01,,73.380
Melilla,1976-01-01,,73.080
Melilla,1977-01-01,,73.330
Melilla,1978-01-01,,71.930
Melilla,1979-01-01,,72.630
Melilla,1980-01-01,46.000,73.900
Melilla,1981-01-01,37.000,74.540
Melilla,1982-01-01,47.000,74.550
Melilla,1983-01-01,38.000,74.710
Melilla,1984-01-01,42.000,74.530
Melilla,1985-01-01,42.000,74.690
Melilla,1986-01-01,29.000,74.620
Melilla,1987-01-01,39.000,75.540
Melilla,1988-01-01,46.000,73.680
Melilla,1989-01-01,31.000,74.940
Melilla,1990-01-01,32.000,74.570
Melilla,1991-01-01,35.000,76.120
Melilla,1992-01-01,34.000,78.140
Melilla,1993-01-01,25.000,76.240
Melilla,1994-01-01,26.000,75.200
Melilla,1995-01-01,37.000,76.250
Melilla,1996-01-01,36.000,77.220
Melilla,1997-01-01,29.000,76.160
Melilla,1998-01-01,31.000,75.270
Melilla,1999-01-01,20.000,77.140
Melilla,2000-01-01,34.000,76.870
Melilla,2001-01-01,27.000,77.400
Melilla,2002-01-01,40.000,77.310
Melilla,2003-01-01,39.000,77.180
Melilla,2004-01-01,33.000,77.660
Melilla,2005-01-01,49.000,78.530
Melilla,2006-01-01,39.000,78.210
Melilla,2007-01-01,34.000,78.780
Melilla,2008-01-01,46.000,78.410
Melilla,2009-01-01,37.000,80.560
Melilla,2010-01-01,44.000,81.130
Melilla,2011-01-01,52.000,79.930
Melilla,2012-01-01,62.000,80.290
Melilla,2013-01-01,35.000,80.330
Melilla,2014-01-01,47.000,80.030
Melilla,2015-01-01,54.000,79.880
Melilla,2016-01-01,51.000,80.430
Melilla,2017-01-01,60.000,80.210
Melilla,2018-01-01,58.000,80.180
Melilla,2019-01-01,54.000,80.670
Melilla,2020-01-01,57.000,78.820
Melilla,2021-01-01,57.000,79.720
Melilla,2022-01-01,51.000,81.550
Melilla,2023-01-01,51.000,81.610
Murcia,1975-01-01,,72.950
Murcia,1976-01-01,,73.390
Murcia,1977-01-01,,73.920
Murcia,1978-01-01,,74.060
Murcia,1979-01-01,,74.490
Murcia,1980-01-01,794.000,74.300
Murcia,1981-01-01,855.000,74.900
Murcia,1982-01-01,807.000,75.450
Murcia,1983-01-01,877.000,75.160
Murcia,1984-01-01,786.000,75.640
Murcia,1985-01-01,826.000,75.700
Murcia,1986-01-01,839.000,76.160
Murcia,1987-01-01,831.000,76.670
Murcia,1988-01-01,837.000,76.510
Murcia,1989-01-01,882.000,75.950
Murcia,1990-01-01,930.000,76.090
Murcia,1991-01-01,803.000,76.490
Murcia,1992-01-01,845.000,77.070
Murcia,1993-01-01,924.000,77.460
Murcia,1994-01-01,856.000,77.610
Murcia,1995-01-01,806.000,78.040
Murcia,1996-01-01,864.000,78.050
Murcia,1997-01-01,941.000,78.060
Murcia,1998-01-01,1.016,78.220
Murcia,1999-01-01,1.273,77.900
Murcia,2000-01-01,1.077,78.420
Murcia,2001-01-01,998.000,78.950
Murcia,2002-01-01,1.125,78.960
Murcia,2003-01-01,1.183,79.110
Murcia,2004-01-01,1.118,79.540
Murcia,2005-01-01,1.305,79.710
Murcia,2006-01-01,1.084,80.270
Murcia,2007-01-01,1.254,80.300
Murcia,2008-01-01,1.274,80.430
Murcia,2009-01-01,1.246,80.900
Murcia,2010-01-01,1.135,81.620
Murcia,2011-01-01,1.225,81.710
Murcia,2012-01-01,1.441,81.720
Murcia,2013-01-01,1.252,82.270
Murcia,2014-01-01,1.265,82.470
Murcia,2015-01-01,1.553,82.210
Murcia,2016-01-01,1.372,82.510
Murcia,2017-01-01,1.527,82.400
Murcia,2018-01-01,1.562,82.640
Murcia,2019-01-01,1.344,82.620
Murcia,2020-01-01,1.069,82.260
Murcia,2021-01-01,988.000,82.210
Murcia,2022-01-01,1.118,82.050
Murcia,2023-01-01,1.176,82.820
Navarra,1975-01-01,,72.970
Navarra,1976-01-01,,73.740
Navarra,1977-01-01,,74.440
Navarra,1978-01-01,,74.240
Navarra,1979-01-01,,75.080
Navarra,1980-01-01,457.000,75.070
Navarra,1981-01-01,412.000,75.740
Navarra,1982-01-01,409.000,75.720
Navarra,1983-01-01,428.000,75.980
Navarra,1984-01-01,370.000,76.730
Navarra,1985-01-01,442.000,76.450
Navarra,1986-01-01,459.000,76.820
Navarra,1987-01-01,379.000,77.260
Navarra,1988-01-01,443.000,77.550
Navarra,1989-01-01,401.000,77.720
Navarra,1990-01-01,475.000,77.970
Navarra,1991-01-01,444.000,78.080
Navarra,1992-01-01,437.000,78.920
Navarra,1993-01-01,474.000,78.920
Navarra,1994-01-01,383.000,79.320
Navarra,1995-01-01,484.000,79.310
Navarra,1996-01-01,526.000,79.440
Navarra,1997-01-01,497.000,80.060
Navarra,1998-01-01,602.000,79.970
Navarra,1999-01-01,605.000,80.150
Navarra,2000-01-01,635.000,80.400
Navarra,2001-01-01,488.000,81.010
Navarra,2002-01-01,558.000,80.830
Navarra,2003-01-01,667.000,80.910
Navarra,2004-01-01,603.000,81.460
Navarra,2005-01-01,691.000,81.620
Navarra,2006-01-01,567.000,82.020
Navarra,2007-01-01,655.000,82.200
Navarra,2008-01-01,676.000,82.290
Navarra,2009-01-01,599.000,82.900
Navarra,2010-01-01,577.000,83.680
Navarra,2011-01-01,577.000,83.470
Navarra,2012-01-01,639.000,83.420
Navarra,2013-01-01,552.000,83.490
Navarra,2014-01-01,598.000,83.450
Navarra,2015-01-01,634.000,83.750
Navarra,2016-01-01,611.000,83.810
Navarra,2017-01-01,645.000,83.800
Navarra,2018-01-01,677.000,84.140
Navarra,2019-01-01,529.000,84.550
Navarra,2020-01-01,514.000,83.330
Navarra,2021-01-01,392.000,84.260
Navarra,2022-01-01,572.000,83.850
Navarra,2023-01-01,640.000,84.790
Ourense,1975-01-01,,73.470
Ourense,1976-01-01,,74.100
Ourense,1977-01-01,,74.650
Ourense,1978-01-01,,74.400
Ourense,1979-01-01,,75.020
Ourense,1980-01-01,432.000,75.440
Ourense,1981-01-01,414.000,76.080
Ourense,1982-01-01,350.000,76.540
Ourense,1983-01-01,413.000,76.680
Ourense,1984-01-01,419.000,76.480
Ourense,1985-01-01,468.000,76.890
Ourense,1986-01-01,408.000,76.700
Ourense,1987-01-01,383.000,77.130
Ourense,1988-01-01,438.000,77.830
Ourense,1989-01-01,420.000,77.280
Ourense,1990-01-01,479.000,77.210
Ourense,1991-01-01,459.000,77.960
Ourense,1992-01-01,411.000,78.120
Ourense,1993-01-01,476.000,78.020
Ourense,1994-01-01,458.000,78.430
Ourense,1995-01-01,556.000,78.580
Ourense,1996-01-01,502.000,78.340
Ourense,1997-01-01,564.000,79.170
Ourense,1998-01-01,557.000,79.230
Ourense,1999-01-01,628.000,80.060
Ourense,2000-01-01,622.000,79.900
Ourense,2001-01-01,532.000,80.670
Ourense,2002-01-01,614.000,80.700
Ourense,2003-01-01,640.000,80.500
Ourense,2004-01-01,550.000,81.320
Ourense,2005-01-01,663.000,81.030
Ourense,2006-01-01,541.000,81.180
Ourense,2007-01-01,635.000,81.460
Ourense,2008-01-01,599.000,81.430
Ourense,2009-01-01,593.000,82.240
Ourense,2010-01-01,585.000,82.220
Ourense,2011-01-01,557.000,81.900
Ourense,2012-01-01,590.000,82.390
Ourense,2013-01-01,492.000,82.630
Ourense,2014-01-01,516.000,83.660
Ourense,2015-01-01,598.000,83.200
Ourense,2016-01-01,555.000,83.040
Ourense,2017-01-01,680.000,83.770
Ourense,2018-01-01,662.000,83.300
Ourense,2019-01-01,571.000,83.570
Ourense,2020-01-01,524.000,83.060
Ourense,2021-01-01,406.000,83.520
Ourense,2022-01-01,491.000,83.580
Ourense,2023-01-01,555.000,83.510
Palencia,1975-01-01,,71.800
Palencia,1976-01-01,,72.270
Palencia,1977-01-01,,72.900
Palencia,1978-01-01,,73.550
Palencia,1979-01-01,,73.730
Palencia,1980-01-01,153.000,74.470
Palencia,1981-01-01,205.000,74.500
Palencia,1982-01-01,181.000,75.600
Palencia,1983-01-01,226.000,76.420
Palencia,1984-01-01,175.000,75.890
Palencia,1985-01-01,207.000,76.120
Palencia,1986-01-01,192.000,76.650
Palencia,1987-01-01,166.000,76.650
Palencia,1988-01-01,201.000,77.760
Palencia,1989-01-01,213.000,76.860
Palencia,1990-01-01,218.000,76.960
Palencia,1991-01-01,204.000,77.600
Palencia,1992-01-01,213.000,77.650
Palencia,1993-01-01,223.000,77.530
Palencia,1994-01-01,167.000,78.760
Palencia,1995-01-01,195.000,79.270
Palencia,1996-01-01,202.000,78.640
Palencia,1997-01-01,206.000,79.280
Palencia,1998-01-01,225.000,79.280
Palencia,1999-01-01,254.000,78.990
Palencia,2000-01-01,253.000,79.470
Palencia,2001-01-01,212.000,80.060
Palencia,2002-01-01,215.000,80.000
Palencia,2003-01-01,217.000,80.270
Palencia,2004-01-01,199.000,81.070
Palencia,2005-01-01,287.000,80.740
Palencia,2006-01-01,192.000,81.130
Palencia,2007-01-01,243.000,80.960
Palencia,2008-01-01,216.000,82.220
Palencia,2009-01-01,191.000,81.320
Palencia,2010-01-01,192.000,81.930
Palencia,2011-01-01,206.000,82.290
Palencia,2012-01-01,255.000,82.400
Palencia,2013-01-01,211.000,83.180
Palencia,2014-01-01,234.000,82.180
Palencia,2015-01-01,261.000,83.000
Palencia,2016-01-01,296.000,83.150
Palencia,2017-01-01,293.000,83.160
Palencia,2018-01-01,322.000,82.850
Palencia,2019-01-01,279.000,83.300
Palencia,2020-01-01,215.000,81.170
Palencia,2021-01-01,155.000,82.480
Palencia,2022-01-01,198.000,82.270
Palencia,2023-01-01,243.000,84.040
Pontevedra,1975-01-01,,72.780
Pontevedra,1976-01-01,,72.700
Pontevedra,1977-01-01,,72.820
Pontevedra,1978-01-01,,73.400
Pontevedra,1979-01-01,,73.660
Pontevedra,1980-01-01,622.000,74.580
Pontevedra,1981-01-01,594.000,74.750
Pontevedra,1982-01-01,554.000,75.350
Pontevedra,1983-01-01,661.000,75.340
Pontevedra,1984-01-01,555.000,75.720
Pontevedra,1985-01-01,656.000,75.730
Pontevedra,1986-01-01,617.000,75.300
Pontevedra,1987-01-01,500.000,76.190
Pontevedra,1988-01-01,615.000,76.270
Pontevedra,1989-01-01,633.000,76.270
Pontevedra,1990-01-01,725.000,76.090
Pontevedra,1991-01-01,752.000,76.720
Pontevedra,1992-01-01,723.000,77.350
Pontevedra,1993-01-01,701.000,77.230
Pontevedra,1994-01-01,741.000,77.630
Pontevedra,1995-01-01,842.000,77.850
Pontevedra,1996-01-01,824.000,77.800
Pontevedra,1997-01-01,806.000,78.390
Pontevedra,1998-01-01,902.000,78.840
Pontevedra,1999-01-01,1.088,79.160
Pontevedra,2000-01-01,1.074,79.180
Pontevedra,2001-01-01,917.000,79.710
Pontevedra,2002-01-01,1.045,79.780
Pontevedra,2003-01-01,1.090,79.950
Pontevedra,2004-01-01,936.000,80.560
Pontevedra,2005-01-01,997.000,80.410
Pontevedra,2006-01-01,969.000,80.730
Pontevedra,2007-01-01,1.024,80.900
Pontevedra,2008-01-01,1.006,81.390
Pontevedra,2009-01-01,1.061,81.530
Pontevedra,2010-01-01,929.000,81.970
Pontevedra,2011-01-01,961.000,82.180
Pontevedra,2012-01-01,1.005,82.200
Pontevedra,2013-01-01,899.000,82.790
Pontevedra,2014-01-01,959.000,83.070
Pontevedra,2015-01-01,1.151,82.780
Pontevedra,2016-01-01,1.033,82.650
Pontevedra,2017-01-01,1.166,83.020
Pontevedra,2018-01-01,1.279,83.440
Pontevedra,2019-01-01,1.071,83.590
Pontevedra,2020-01-01,893.000,83.400
Pontevedra,2021-01-01,800.000,83.650
Pontevedra,2022-01-01,1.050,83.260
Pontevedra,2023-01-01,1.124,83.620
Salamanca,1975-01-01,,74.760
Salamanca,1976-01-01,,74.460
Salamanca,1977-01-01,,75.610
Salamanca,1978-01-01,,75.730
Salamanca,1979-01-01,,76.300
Salamanca,1980-01-01,250.000,77.480
Salamanca,1981-01-01,253.000,77.720
Salamanca,1982-01-01,268.000,78.200
Salamanca,1983-01-01,355.000,77.550
Salamanca,1984-01-01,276.000,77.690
Salamanca,1985-01-01,346.000,77.890
Salamanca,1986-01-01,335.000,78.560
Salamanca,1987-01-01,312.000,78.260
Salamanca,1988-01-01,332.000,78.070
Salamanca,1989-01-01,327.000,78.350
Salamanca,1990-01-01,417.000,78.290
Salamanca,1991-01-01,358.000,78.530
Salamanca,1992-01-01,340.000,79.240
Salamanca,1993-01-01,333.000,79.070
Salamanca,1994-01-01,345.000,80.000
Salamanca,1995-01-01,345.000,79.900
Salamanca,1996-01-01,405.000,79.680
Salamanca,1997-01-01,382.000,80.080
Salamanca,1998-01-01,437.000,79.990
Salamanca,1999-01-01,455.000,80.220
Salamanca,2000-01-01,393.000,80.940
Salamanca,2001-01-01,342.000,81.420
Salamanca,2002-01-01,417.000,80.850
Salamanca,2003-01-01,433.000,80.850
Salamanca,2004-01-01,411.000,82.480
Salamanca,2005-01-01,448.000,82.240
Salamanca,2006-01-01,376.000,82.750
Salamanca,2007-01-01,365.000,82.600
Salamanca,2008-01-01,386.000,82.790
Salamanca,2009-01-01,382.000,82.960
Salamanca,2010-01-01,413.000,83.680
Salamanca,2011-01-01,443.000,83.940
Salamanca,2012-01-01,483.000,83.770
Salamanca,2013-01-01,437.000,84.310
Salamanca,2014-01-01,390.000,84.580
Salamanca,2015-01-01,518.000,84.580
Salamanca,2016-01-01,464.000,84.470
Salamanca,2017-01-01,537.000,84.410
Salamanca,2018-01-01,568.000,84.680
Salamanca,2019-01-01,541.000,84.690
Salamanca,2020-01-01,402.000,82.530
Salamanca,2021-01-01,283.000,84.730
Salamanca,2022-01-01,398.000,84.120
Salamanca,2023-01-01,358.000,85.400
Santa Cruz de Tenerife,1975-01-01,,73.770
Santa Cruz de Tenerife,1976-01-01,,73.430
Santa Cruz de Tenerife,1977-01-01,,74.450
Santa Cruz de Tenerife,1978-01-01,,73.930
Santa Cruz de Tenerife,1979-01-01,,74.200
Santa Cruz de Tenerife,1980-01-01,303.000,74.780
Santa Cruz de Tenerife,1981-01-01,354.000,74.690
Santa Cruz de Tenerife,1982-01-01,309.000,75.430
Santa Cruz de Tenerife,1983-01-01,356.000,75.590
Santa Cruz de Tenerife,1984-01-01,329.000,75.010
Santa Cruz de Tenerife,1985-01-01,378.000,75.610
Santa Cruz de Tenerife,1986-01-01,344.000,75.850
Santa Cruz de Tenerife,1987-01-01,399.000,75.820
Santa Cruz de Tenerife,1988-01-01,389.000,75.710
Santa Cruz de Tenerife,1989-01-01,433.000,75.900
Santa Cruz de Tenerife,1990-01-01,467.000,76.440
Santa Cruz de Tenerife,1991-01-01,444.000,77.190
Santa Cruz de Tenerife,1992-01-01,447.000,77.170
Santa Cruz de Tenerife,1993-01-01,505.000,77.140
Santa Cruz de Tenerife,1994-01-01,457.000,77.660
Santa Cruz de Tenerife,1995-01-01,367.000,78.000
Santa Cruz de Tenerife,1996-01-01,484.000,77.340
Santa Cruz de Tenerife,1997-01-01,509.000,77.940
Santa Cruz de Tenerife,1998-01-01,644.000,77.520
Santa Cruz de Tenerife,1999-01-01,688.000,78.180
Santa Cruz de Tenerife,2000-01-01,665.000,78.010
Santa Cruz de Tenerife,2001-01-01,613.000,78.560
Santa Cruz de Tenerife,2002-01-01,570.000,79.340
Santa Cruz de Tenerife,2003-01-01,520.000,79.000
Santa Cruz de Tenerife,2004-01-01,531.000,78.880
Santa Cruz de Tenerife,2005-01-01,598.000,79.380
Santa Cruz de Tenerife,2006-01-01,607.000,79.730
Santa Cruz de Tenerife,2007-01-01,628.000,79.620
Santa Cruz de Tenerife,2008-01-01,633.000,80.250
Santa Cruz de Tenerife,2009-01-01,702.000,80.970
Santa Cruz de Tenerife,2010-01-01,609.000,81.480
Santa Cruz de Tenerife,2011-01-01,748.000,81.310
Santa Cruz de Tenerife,2012-01-01,822.000,81.570
Santa Cruz de Tenerife,2013-01-01,832.000,82.250
Santa Cruz de Tenerife,2014-01-01,950.000,81.950
Santa Cruz de Tenerife,2015-01-01,1.080,81.750
Santa Cruz de Tenerife,2016-01-01,1.065,82.100
Santa Cruz de Tenerife,2017-01-01,1.132,82.270
Santa Cruz de Tenerife,2018-01-01,1.302,81.900
Santa Cruz de Tenerife,2019-01-01,1.170,82.560
Santa Cruz de Tenerife,2020-01-01,997.000,82.630
Santa Cruz de Tenerife,2021-01-01,961.000,82.300
Santa Cruz de Tenerife,2022-01-01,1.106,82.010
Santa Cruz de Tenerife,2023-01-01,1.097,82.850
Segovia,1975-01-01,,74.270
Segovia,1976-01-01,,75.400
Segovia,1977-01-01,,74.800
Segovia,1978-01-01,,75.460
Segovia,1979-01-01,,76.040
Segovia,1980-01-01,124.000,76.200
Segovia,1981-01-01,137.000,75.570
Segovia,1982-01-01,107.000,77.100
Segovia,1983-01-01,127.000,78.000
Segovia,1984-01-01,119.000,77.350
Segovia,1985-01-01,139.000,76.730
Segovia,1986-01-01,114.000,78.670
Segovia,1987-01-01,110.000,78.760
Segovia,1988-01-01,113.000,78.420
Segovia,1989-01-01,132.000,78.600
Segovia,1990-01-01,163.000,78.780
Segovia,1991-01-01,134.000,80.130
Segovia,1992-01-01,151.000,79.470
Segovia,1993-01-01,154.000,79.670
Segovia,1994-01-01,139.000,79.920
Segovia,1995-01-01,133.000,80.750
Segovia,1996-01-01,166.000,80.490
Segovia,1997-01-01,145.000,80.650
Segovia,1998-01-01,157.000,81.140
Segovia,1999-01-01,218.000,80.770
Segovia,2000-01-01,169.000,81.340
Segovia,2001-01-01,152.000,81.700
Segovia,2002-01-01,174.000,81.360
Segovia,2003-01-01,199.000,81.420
Segovia,2004-01-01,173.000,81.280
Segovia,2005-01-01,221.000,81.960
Segovia,2006-01-01,157.000,82.500
Segovia,2007-01-01,189.000,82.470
Segovia,2008-01-01,176.000,82.850
Segovia,2009-01-01,200.000,83.120
Segovia,2010-01-01,192.000,83.350
Segovia,2011-01-01,208.000,83.400
Segovia,2012-01-01,231.000,83.640
Segovia,2013-01-01,199.000,83.760
Segovia,2014-01-01,208.000,84.090
Segovia,2015-01-01,224.000,83.280
Segovia,2016-01-01,210.000,84.010
Segovia,2017-01-01,217.000,83.920
Segovia,2018-01-01,244.000,83.940
Segovia,2019-01-01,225.000,84.700
Segovia,2020-01-01,184.000,81.490
Segovia,2021-01-01,132.000,84.060
Segovia,2022-01-01,175.000,84.410
Segovia,2023-01-01,165.000,83.920
Sevilla,1975-01-01,,73.010
Sevilla,1976-01-01,,72.780
Sevilla,1977-01-01,,73.480
Sevilla,1978-01-01,,73.420
Sevilla,1979-01-01,,73.900
Sevilla,1980-01-01,1.004,74.210
Sevilla,1981-01-01,1.101,74.110
Sevilla,1982-01-01,1.163,74.580
Sevilla,1983-01-01,1.097,74.900
Sevilla,1984-01-01,1.028,75.270
Sevilla,1985-01-01,1.151,75.100
Sevilla,1986-01-01,1.217,75.430
Sevilla,1987-01-01,1.221,75.510
Sevilla,1988-01-01,1.366,75.510
Sevilla,1989-01-01,1.301,75.610
Sevilla,1990-01-01,1.379,75.730
Sevilla,1991-01-01,1.250,75.710
Sevilla,1992-01-01,1.174,76.180
Sevilla,1993-01-01,1.215,76.480
Sevilla,1994-01-01,1.229,76.870
Sevilla,1995-01-01,1.330,76.760
Sevilla,1996-01-01,1.232,77.070
Sevilla,1997-01-01,1.238,77.520
Sevilla,1998-01-01,1.427,77.220
Sevilla,1999-01-01,1.539,77.230
Sevilla,2000-01-01,1.333,78.010
Sevilla,2001-01-01,1.185,78.200
Sevilla,2002-01-01,1.280,78.350
Sevilla,2003-01-01,1.197,78.030
Sevilla,2004-01-01,1.081,78.650
Sevilla,2005-01-01,1.408,78.870
Sevilla,2006-01-01,1.176,79.260
Sevilla,2007-01-01,1.323,79.410
Sevilla,2008-01-01,1.434,79.560
Sevilla,2009-01-01,1.344,80.080
Sevilla,2010-01-01,1.212,80.380
Sevilla,2011-01-01,1.398,80.590
Sevilla,2012-01-01,1.535,80.790
Sevilla,2013-01-01,1.278,81.360
Sevilla,2014-01-01,1.320,81.590
Sevilla,2015-01-01,1.720,81.090
Sevilla,2016-01-01,1.509,81.730
Sevilla,2017-01-01,1.680,81.390
Sevilla,2018-01-01,1.762,81.830
Sevilla,2019-01-01,1.619,81.990
Sevilla,2020-01-01,1.413,81.390
Sevilla,2021-01-01,1.252,81.440
Sevilla,2022-01-01,1.596,81.740
Sevilla,2023-01-01,1.725,82.580
Soria,1975-01-01,,75.880
Soria,1976-01-01,,76.100
Soria,1977-01-01,,75.530
Soria,1978-01-01,,75.550
Soria,1979-01-01,,76.350
Soria,1980-01-01,88.000,76.090
Soria,1981-01-01,99.000,77.420
Soria,1982-01-01,80.000,77.730
Soria,1983-01-01,92.000,79.080
Soria,1984-01-01,82.000,78.360
Soria,1985-01-01,100.000,78.560
Soria,1986-01-01,99.000,78.660
Soria,1987-01-01,99.000,79.100
Soria,1988-01-01,141.000,78.320
Soria,1989-01-01,104.000,78.560
Soria,1990-01-01,101.000,79.990
Soria,1991-01-01,111.000,79.940
Soria,1992-01-01,95.000,80.180
Soria,1993-01-01,100.000,80.390
Soria,1994-01-01,108.000,81.590
Soria,1995-01-01,124.000,80.290
Soria,1996-01-01,112.000,80.540
Soria,1997-01-01,119.000,81.720
Soria,1998-01-01,133.000,81.300
Soria,1999-01-01,140.000,81.320
Soria,2000-01-01,133.000,80.700
Soria,2001-01-01,80.000,83.280
Soria,2002-01-01,125.000,82.130
Soria,2003-01-01,104.000,82.820
Soria,2004-01-01,131.000,80.890
Soria,2005-01-01,140.000,81.710
Soria,2006-01-01,111.000,82.210
Soria,2007-01-01,120.000,82.420
Soria,2008-01-01,137.000,82.790
Soria,2009-01-01,130.000,83.360
Soria,2010-01-01,119.000,83.850
Soria,2011-01-01,121.000,84.000
Soria,2012-01-01,135.000,83.640
Soria,2013-01-01,122.000,84.450
Soria,2014-01-01,122.000,84.020
Soria,2015-01-01,146.000,84.050
Soria,2016-01-01,147.000,83.020
Soria,2017-01-01,149.000,84.780
Soria,2018-01-01,144.000,84.520
Soria,2019-01-01,126.000,84.480
Soria,2020-01-01,117.000,82.260
Soria,2021-01-01,84.000,83.630
Soria,2022-01-01,90.000,83.290
Soria,2023-01-01,124.000,84.730
Tarragona,1975-01-01,,72.980
Tarragona,1976-01-01,,73.380
Tarragona,1977-01-01,,73.890
Tarragona,1978-01-01,,73.900
Tarragona,1979-01-01,,75.150
Tarragona,1980-01-01,457.000,75.090
Tarragona,1981-01-01,509.000,75.450
Tarragona,1982-01-01,394.000,76.340
Tarragona,1983-01-01,377.000,75.810
Tarragona,1984-01-01,335.000,76.480
Tarragona,1985-01-01,432.000,76.430
Tarragona,1986-01-01,403.000,77.010
Tarragona,1987-01-01,439.000,77.300
Tarragona,1988-01-01,370.000,77.190
Tarragona,1989-01-01,459.000,77.090
Tarragona,1990-01-01,509.000,76.690
Tarragona,1991-01-01,443.000,77.530
Tarragona,1992-01-01,427.000,77.680
Tarragona,1993-01-01,484.000,77.750
Tarragona,1994-01-01,492.000,78.100
Tarragona,1995-01-01,521.000,78.130
Tarragona,1996-01-01,514.000,78.720
Tarragona,1997-01-01,567.000,78.800
Tarragona,1998-01-01,577.000,79.020
Tarragona,1999-01-01,714.000,78.550
Tarragona,2000-01-01,630.000,79.200
Tarragona,2001-01-01,559.000,79.770
Tarragona,2002-01-01,592.000,79.530
Tarragona,2003-01-01,611.000,79.610
Tarragona,2004-01-01,580.000,80.160
Tarragona,2005-01-01,699.000,80.040
Tarragona,2006-01-01,549.000,80.740
Tarragona,2007-01-01,696.000,80.930
Tarragona,2008-01-01,688.000,81.130
Tarragona,2009-01-01,687.000,81.490
Tarragona,2010-01-01,622.000,82.000
Tarragona,2011-01-01,718.000,82.240
Tarragona,2012-01-01,729.000,82.050
Tarragona,2013-01-01,625.000,82.520
Tarragona,2014-01-01,690.000,82.850
Tarragona,2015-01-01,794.000,82.520
Tarragona,2016-01-01,758.000,82.830
Tarragona,2017-01-01,808.000,83.030
Tarragona,2018-01-01,923.000,82.760
Tarragona,2019-01-01,757.000,83.300
Tarragona,2020-01-01,655.000,82.200
Tarragona,2021-01-01,562.000,82.940
Tarragona,2022-01-01,695.000,82.860
Tarragona,2023-01-01,771.000,83.240
Teruel,1975-01-01,,74.410
Teruel,1976-01-01,,74.780
Teruel,1977-01-01,,75.080
Teruel,1978-01-01,,76.030
Teruel,1979-01-01,,76.440
Teruel,1980-01-01,201.000,76.800
Teruel,1981-01-01,192.000,77.080
Teruel,1982-01-01,164.000,77.410
Teruel,1983-01-01,195.000,77.130
Teruel,1984-01-01,202.000,77.440
Teruel,1985-01-01,200.000,78.420
Teruel,1986-01-01,196.000,77.620
Teruel,1987-01-01,168.000,78.660
Teruel,1988-01-01,157.000,79.170
Teruel,1989-01-01,154.000,78.430
Teruel,1990-01-01,162.000,79.020
Teruel,1991-01-01,199.000,78.920
Teruel,1992-01-01,187.000,79.530
Teruel,1993-01-01,190.000,79.840
Teruel,1994-01-01,188.000,79.950
Teruel,1995-01-01,170.000,79.440
Teruel,1996-01-01,215.000,80.760
Teruel,1997-01-01,218.000,79.110
Teruel,1998-01-01,215.000,79.880
Teruel,1999-01-01,196.000,79.700
Teruel,2000-01-01,220.000,80.600
Teruel,2001-01-01,188.000,80.980
Teruel,2002-01-01,222.000,81.170
Teruel,2003-01-01,249.000,80.680
Teruel,2004-01-01,200.000,81.070
Teruel,2005-01-01,203.000,81.010
Teruel,2006-01-01,156.000,81.870
Teruel,2007-01-01,185.000,81.680
Teruel,2008-01-01,170.000,82.500
Teruel,2009-01-01,160.000,82.220
Teruel,2010-01-01,190.000,82.420
Teruel,2011-01-01,179.000,82.540
Teruel,2012-01-01,185.000,83.100
Teruel,2013-01-01,176.000,83.020
Teruel,2014-01-01,195.000,83.130
Teruel,2015-01-01,206.000,83.010
Teruel,2016-01-01,192.000,83.720
Teruel,2017-01-01,202.000,83.560
Teruel,2018-01-01,201.000,83.570
Teruel,2019-01-01,190.000,84.200
Teruel,2020-01-01,187.000,82.650
Teruel,2021-01-01,126.000,83.690
Teruel,2022-01-01,191.000,83.140
Teruel,2023-01-01,153.000,84.170
Toledo,1975-01-01,,74.490
Toledo,1976-01-01,,74.550
Toledo,1977-01-01,,75.480
Toledo,1978-01-01,,75.550
Toledo,1979-01-01,,75.740
Toledo,1980-01-01,409.000,76.380
Toledo,1981-01-01,428.000,76.490
Toledo,1982-01-01,376.000,77.450
Toledo,1983-01-01,443.000,77.300
Toledo,1984-01-01,406.000,77.220
Toledo,1985-01-01,442.000,77.140
Toledo,1986-01-01,395.000,77.640
Toledo,1987-01-01,390.000,77.780
Toledo,1988-01-01,385.000,78.160
Toledo,1989-01-01,448.000,77.590
Toledo,1990-01-01,496.000,78.040
Toledo,1991-01-01,434.000,78.290
Toledo,1992-01-01,461.000,78.420
Toledo,1993-01-01,511.000,78.480
Toledo,1994-01-01,464.000,78.890
Toledo,1995-01-01,531.000,78.900
Toledo,1996-01-01,517.000,79.070
Toledo,1997-01-01,473.000,79.820
Toledo,1998-01-01,559.000,79.950
Toledo,1999-01-01,684.000,79.680
Toledo,2000-01-01,568.000,80.220
Toledo,2001-01-01,582.000,79.980
Toledo,2002-01-01,640.000,80.640
Toledo,2003-01-01,659.000,80.560
Toledo,2004-01-01,582.000,81.060
Toledo,2005-01-01,786.000,80.820
Toledo,2006-01-01,697.000,81.880
Toledo,2007-01-01,753.000,81.310
Toledo,2008-01-01,709.000,81.940
Toledo,2009-01-01,733.000,82.440
Toledo,2010-01-01,680.000,82.830
Toledo,2011-01-01,714.000,83.210
Toledo,2012-01-01,819.000,83.180
Toledo,2013-01-01,666.000,83.460
Toledo,2014-01-01,678.000,83.800
Toledo,2015-01-01,859.000,83.140
Toledo,2016-01-01,877.000,83.550
Toledo,2017-01-01,995.000,82.810
Toledo,2018-01-01,911.000,83.650
Toledo,2019-01-01,791.000,83.790
Toledo,2020-01-01,739.000,81.560
Toledo,2021-01-01,616.000,82.960
Toledo,2022-01-01,666.000,83.770
Toledo,2023-01-01,798.000,84.290
Valencia,1975-01-01,,72.790
Valencia,1976-01-01,,73.060
Valencia,1977-01-01,,73.330
Valencia,1978-01-01,,73.260
Valencia,1979-01-01,,73.800
Valencia,1980-01-01,1.546,74.130
Valencia,1981-01-01,1.746,74.540
Valencia,1982-01-01,1.453,74.970
Valencia,1983-01-01,1.684,75.070
Valencia,1984-01-01,1.495,75.560
Valencia,1985-01-01,1.820,75.450
Valencia,1986-01-01,1.711,75.730
Valencia,1987-01-01,1.476,75.730
Valencia,1988-01-01,1.653,75.620
Valencia,1989-01-01,1.645,75.660
Valencia,1990-01-01,1.674,76.050
Valencia,1991-01-01,1.720,76.180
Valencia,1992-01-01,1.656,76.270
Valencia,1993-01-01,1.776,76.770
Valencia,1994-01-01,1.781,76.850
Valencia,1995-01-01,1.756,77.360
Valencia,1996-01-01,2.006,77.290
Valencia,1997-01-01,2.105,77.560
Valencia,1998-01-01,2.238,78.200
Valencia,1999-01-01,2.711,77.910
Valencia,2000-01-01,2.187,78.600
Valencia,2001-01-01,2.100,78.930
Valencia,2002-01-01,2.530,78.780
Valencia,2003-01-01,2.400,78.810
Valencia,2004-01-01,2.067,79.540
Valencia,2005-01-01,2.555,79.380
Valencia,2006-01-01,2.187,80.140
Valencia,2007-01-01,2.418,80.130
Valencia,2008-01-01,2.336,80.520
Valencia,2009-01-01,2.387,80.910
Valencia,2010-01-01,2.144,81.080
Valencia,2011-01-01,2.326,81.420
Valencia,2012-01-01,2.470,81.610
Valencia,2013-01-01,2.151,82.180
Valencia,2014-01-01,2.302,82.190
Valencia,2015-01-01,2.675,81.960
Valencia,2016-01-01,2.255,82.310
Valencia,2017-01-01,2.642,82.260
Valencia,2018-01-01,2.840,82.450
Valencia,2019-01-01,2.399,82.880
Valencia,2020-01-01,2.101,82.160
Valencia,2021-01-01,1.768,82.220
Valencia,2022-01-01,2.309,82.340
Valencia,2023-01-01,2.428,82.970
Valladolid,1975-01-01,,74.110
Valladolid,1976-01-01,,73.980
Valladolid,1977-01-01,,74.680
Valladolid,1978-01-01,,75.290
Valladolid,1979-01-01,,76.320
Valladolid,1980-01-01,290.000,76.570
Valladolid,1981-01-01,283.000,77.560
Valladolid,1982-01-01,251.000,78.210
Valladolid,1983-01-01,269.000,77.940
Valladolid,1984-01-01,266.000,78.130
Valladolid,1985-01-01,280.000,78.360
Valladolid,1986-01-01,289.000,78.640
Valladolid,1987-01-01,328.000,78.200
Valladolid,1988-01-01,289.000,78.080
Valladolid,1989-01-01,322.000,78.120
Valladolid,1990-01-01,361.000,78.420
Valladolid,1991-01-01,360.000,78.420
Valladolid,1992-01-01,323.000,78.800
Valladolid,1993-01-01,372.000,78.990
Valladolid,1994-01-01,315.000,79.470
Valladolid,1995-01-01,342.000,79.230
Valladolid,1996-01-01,370.000,79.370
Valladolid,1997-01-01,407.000,79.840
Valladolid,1998-01-01,413.000,79.710
Valladolid,1999-01-01,479.000,80.140
Valladolid,2000-01-01,449.000,80.300
Valladolid,2001-01-01,381.000,80.690
Valladolid,2002-01-01,437.000,80.610
Valladolid,2003-01-01,456.000,80.780
Valladolid,2004-01-01,417.000,80.920
Valladolid,2005-01-01,526.000,80.940
Valladolid,2006-01-01,413.000,81.610
Valladolid,2007-01-01,471.000,81.930
Valladolid,2008-01-01,498.000,81.880
Valladolid,2009-01-01,518.000,82.660
Valladolid,2010-01-01,494.000,82.470
Valladolid,2011-01-01,481.000,83.040
Valladolid,2012-01-01,555.000,83.160
Valladolid,2013-01-01,471.000,83.690
Valladolid,2014-01-01,506.000,83.860
Valladolid,2015-01-01,640.000,83.230
Valladolid,2016-01-01,510.000,84.180
Valladolid,2017-01-01,586.000,83.960
Valladolid,2018-01-01,602.000,84.280
Valladolid,2019-01-01,501.000,84.620
Valladolid,2020-01-01,498.000,82.920
Valladolid,2021-01-01,359.000,83.960
Valladolid,2022-01-01,484.000,84.090
Valladolid,2023-01-01,580.000,84.720
Zamora,1975-01-01,,73.810
Zamora,1976-01-01,,74.530
Zamora,1977-01-01,,74.140
Zamora,1978-01-01,,74.540
Zamora,1979-01-01,,75.550
Zamora,1980-01-01,199.000,76.540
Zamora,1981-01-01,280.000,76.070
Zamora,1982-01-01,228.000,76.440
Zamora,1983-01-01,234.000,76.340
Zamora,1984-01-01,192.000,76.390
Zamora,1985-01-01,247.000,77.050
Zamora,1986-01-01,208.000,77.140
Zamora,1987-01-01,177.000,77.940
Zamora,1988-01-01,219.000,78.210
Zamora,1989-01-01,251.000,78.340
Zamora,1990-01-01,258.000,77.990
Zamora,1991-01-01,232.000,78.220
Zamora,1992-01-01,275.000,78.250
Zamora,1993-01-01,224.000,79.520
Zamora,1994-01-01,217.000,79.230
Zamora,1995-01-01,253.000,79.270
Zamora,1996-01-01,270.000,80.400
Zamora,1997-01-01,247.000,80.720
Zamora,1998-01-01,272.000,80.440
Zamora,1999-01-01,352.000,79.930
Zamora,2000-01-01,277.000,81.580
Zamora,2001-01-01,229.000,81.500
Zamora,2002-01-01,265.000,80.650
Zamora,2003-01-01,282.000,80.440
Zamora,2004-01-01,259.000,82.190
Zamora,2005-01-01,347.000,81.670
Zamora,2006-01-01,244.000,82.060
Zamora,2007-01-01,289.000,82.490
Zamora,2008-01-01,293.000,82.540
Zamora,2009-01-01,275.000,82.970
Zamora,2010-01-01,248.000,83.450
Zamora,2011-01-01,275.000,83.380
Zamora,2012-01-01,325.000,83.220
Zamora,2013-01-01,316.000,83.270
Zamora,2014-01-01,315.000,83.410
Zamora,2015-01-01,367.000,83.610
Zamora,2016-01-01,382.000,83.230
Zamora,2017-01-01,358.000,83.060
Zamora,2018-01-01,314.000,83.150
Zamora,2019-01-01,322.000,83.420
Zamora,2020-01-01,277.000,82.900
Zamora,2021-01-01,182.000,84.150
Zamora,2022-01-01,256.000,83.620
Zamora,2023-01-01,278.000,85.150
Zaragoza,1975-01-01,,73.910
Zaragoza,1976-01-01,,74.490
Zaragoza,1977-01-01,,74.990
Zaragoza,1978-01-01,,75.040
Zaragoza,1979-01-01,,75.370
Zaragoza,1980-01-01,747.000,75.940
Zaragoza,1981-01-01,855.000,76.120
Zaragoza,1982-01-01,757.000,76.590
Zaragoza,1983-01-01,852.000,76.830
Zaragoza,1984-01-01,848.000,76.660
Zaragoza,1985-01-01,883.000,76.480
Zaragoza,1986-01-01,927.000,77.160
Zaragoza,1987-01-01,642.000,77.220
Zaragoza,1988-01-01,661.000,77.390
Zaragoza,1989-01-01,696.000,77.060
Zaragoza,1990-01-01,841.000,77.220
Zaragoza,1991-01-01,874.000,77.750
Zaragoza,1992-01-01,781.000,78.440
Zaragoza,1993-01-01,770.000,78.130
Zaragoza,1994-01-01,789.000,78.690
Zaragoza,1995-01-01,857.000,78.600
Zaragoza,1996-01-01,772.000,78.850
Zaragoza,1997-01-01,844.000,79.040
Zaragoza,1998-01-01,902.000,79.370
Zaragoza,1999-01-01,1.179,79.010
Zaragoza,2000-01-01,973.000,79.680
Zaragoza,2001-01-01,868.000,80.040
Zaragoza,2002-01-01,950.000,80.220
Zaragoza,2003-01-01,1.050,79.940
Zaragoza,2004-01-01,963.000,80.160
Zaragoza,2005-01-01,1.081,80.390
Zaragoza,2006-01-01,816.000,81.270
Zaragoza,2007-01-01,924.000,81.080
Zaragoza,2008-01-01,924.000,81.550
Zaragoza,2009-01-01,964.000,81.860
Zaragoza,2010-01-01,920.000,82.130
Zaragoza,2011-01-01,917.000,82.180
Zaragoza,2012-01-01,1.077,82.550
Zaragoza,2013-01-01,873.000,82.980
Zaragoza,2014-01-01,937.000,82.710
Zaragoza,2015-01-01,1.099,82.690
Zaragoza,2016-01-01,951.000,83.350
Zaragoza,2017-01-01,1.138,83.160
Zaragoza,2018-01-01,1.131,83.430
Zaragoza,2019-01-01,1.008,83.780
Zaragoza,2020-01-01,984.000,82.220
Zaragoza,2021-01-01,767.000,83.080
Zaragoza,2022-01-01,894.000,83.070
Zaragoza,2023-01-01,730.000,83.970
