Province,Sexo,Periodo,Population
Albacete,Total,2021-01-01,386.464
Albacete,Total,2020-01-01,388.270
Albacete,Total,2019-01-01,388.167
Albacete,Total,2018-01-01,388.786
Albacete,Total,2017-01-01,390.032
Albacete,Total,2016-01-01,392.118
Albacete,Total,2015-01-01,394.580
Albacete,Total,2014-01-01,396.987
Albacete,Total,2013-01-01,400.007
Albacete,Total,2012-01-01,402.837
Albacete,Total,2011-01-01,402.318
Albacete,Total,2010-01-01,401.682
Albacete,Total,2009-01-01,400.891
Albacete,Total,2008-01-01,397.493
Albacete,Total,2007-01-01,392.110
Albacete,Total,2006-01-01,387.658
Albacete,Total,2005-01-01,384.640
Albacete,Total,2004-01-01,379.448
Albacete,Total,2003-01-01,376.556
Albacete,Total,2002-01-01,371.787
Albacete,Total,2001-01-01,367.283
Albacete,Total,2000-01-01,363.263
Alicante/Alacant,Total,2021-01-01,1.881.762
Alicante/Alacant,Total,2020-01-01,1.879.888
Alicante/Alacant,Total,2019-01-01,1.858.683
Alicante/Alacant,Total,2018-01-01,1.838.819
Alicante/Alacant,Total,2017-01-01,1.825.332
Alicante/Alacant,Total,2016-01-01,1.836.459
Alicante/Alacant,Total,2015-01-01,1.855.047
Alicante/Alacant,Total,2014-01-01,1.868.438
Alicante/Alacant,Total,2013-01-01,1.945.642
Alicante/Alacant,Total,2012-01-01,1.943.910
Alicante/Alacant,Total,2011-01-01,1.934.127
Alicante/Alacant,Total,2010-01-01,1.926.285
Alicante/Alacant,Total,2009-01-01,1.917.012
Alicante/Alacant,Total,2008-01-01,1.891.477
Alicante/Alacant,Total,2007-01-01,1.825.264
Alicante/Alacant,Total,2006-01-01,1.783.555
Alicante/Alacant,Total,2005-01-01,1.732.389
Alicante/Alacant,Total,2004-01-01,1.657.040
Alicante/Alacant,Total,2003-01-01,1.632.349
Alicante/Alacant,Total,2002-01-01,1.557.968
Alicante/Alacant,Total,2001-01-01,1.490.265
Alicante/Alacant,Total,2000-01-01,1.445.144
Almeria,Total,2021-01-01,731.792
Almeria,Total,2020-01-01,727.945
Almeria,Total,2019-01-01,716.820
Almeria,Total,2018-01-01,709.340
Almeria,Total,2017-01-01,706.672
Almeria,Total,2016-01-01,704.297
Almeria,Total,2015-01-01,701.211
Almeria,Total,2014-01-01,701.688
Almeria,Total,2013-01-01,699.329
Almeria,Total,2012-01-01,704.219
Almeria,Total,2011-01-01,702.819
Almeria,Total,2010-01-01,695.560
Almeria,Total,2009-01-01,684.426
Almeria,Total,2008-01-01,667.635
Almeria,Total,2007-01-01,646.633
Almeria,Total,2006-01-01,635.850
Almeria,Total,2005-01-01,612.315
Almeria,Total,2004-01-01,580.077
Almeria,Total,2003-01-01,565.310
Almeria,Total,2002-01-01,546.498
Almeria,Total,2001-01-01,533.168
Almeria,Total,2000-01-01,518.229
Araba/Alava,Total,2021-01-01,333.626
Araba/Alava,Total,2020-01-01,333.940
Araba/Alava,Total,2019-01-01,331.549
Araba/Alava,Total,2018-01-01,328.868
Araba/Alava,Total,2017-01-01,326.574
Araba/Alava,Total,2016-01-01,324.126
Araba/Alava,Total,2015-01-01,323.648
Araba/Alava,Total,2014-01-01,321.932
Araba/Alava,Total,2013-01-01,321.417
Araba/Alava,Total,2012-01-01,322.557
Araba/Alava,Total,2011-01-01,319.227
Araba/Alava,Total,2010-01-01,317.352
Araba/Alava,Total,2009-01-01,313.819
Araba/Alava,Total,2008-01-01,309.635
Araba/Alava,Total,2007-01-01,305.459
Araba/Alava,Total,2006-01-01,301.926
Araba/Alava,Total,2005-01-01,299.957
Araba/Alava,Total,2004-01-01,295.905
Araba/Alava,Total,2003-01-01,294.360
Araba/Alava,Total,2002-01-01,291.860
Araba/Alava,Total,2001-01-01,288.793
Araba/Alava,Total,2000-01-01,286.497
Asturias,Total,2021-01-01,1.011.792
Asturias,Total,2020-01-01,1.018.784
Asturias,Total,2019-01-01,1.022.800
Asturias,Total,2018-01-01,1.028.244
Asturias,Total,2017-01-01,1.034.960
Asturias,Total,2016-01-01,1.042.608
Asturias,Total,2015-01-01,1.051.229
Asturias,Total,2014-01-01,1.061.756
Asturias,Total,2013-01-01,1.068.165
Asturias,Total,2012-01-01,1.077.360
Asturias,Total,2011-01-01,1.081.487
Asturias,Total,2010-01-01,1.084.341
Asturias,Total,2009-01-01,1.085.289
Asturias,Total,2008-01-01,1.080.138
Asturias,Total,2007-01-01,1.074.862
Asturias,Total,2006-01-01,1.076.896
Asturias,Total,2005-01-01,1.076.635
Asturias,Total,2004-01-01,1.073.761
Asturias,Total,2003-01-01,1.075.381
Asturias,Total,2002-01-01,1.073.971
Asturias,Total,2001-01-01,1.075.329
Asturias,Total,2000-01-01,1.076.567
Avila,Total,2021-01-01,158.421
Avila,Total,2020-01-01,157.664
Avila,Total,2019-01-01,157.640
Avila,Total,2018-01-01,158.498
Avila,Total,2017-01-01,160.700
Avila,Total,2016-01-01,162.514
Avila,Total,2015-01-01,164.925
Avila,Total,2014-01-01,167.015
Avila,Total,2013-01-01,168.825
Avila,Total,2012-01-01,171.265
Avila,Total,2011-01-01,172.704
Avila,Total,2010-01-01,171.896
Avila,Total,2009-01-01,171.680
Avila,Total,2008-01-01,171.815
Avila,Total,2007-01-01,168.638
Avila,Total,2006-01-01,167.818
Avila,Total,2005-01-01,167.032
Avila,Total,2004-01-01,166.108
Avila,Total,2003-01-01,165.480
Avila,Total,2002-01-01,165.138
Avila,Total,2001-01-01,163.885
Avila,Total,2000-01-01,164.991
Badajoz,Total,2021-01-01,669.943
Badajoz,Total,2020-01-01,672.137
Badajoz,Total,2019-01-01,673.559
Badajoz,Total,2018-01-01,676.376
Badajoz,Total,2017-01-01,679.884
Badajoz,Total,2016-01-01,684.113
Badajoz,Total,2015-01-01,686.730
Badajoz,Total,2014-01-01,690.929
Badajoz,Total,2013-01-01,693.729
Badajoz,Total,2012-01-01,694.533
Badajoz,Total,2011-01-01,693.921
Badajoz,Total,2010-01-01,692.137
Badajoz,Total,2009-01-01,688.777
Badajoz,Total,2008-01-01,685.246
Badajoz,Total,2007-01-01,678.459
Badajoz,Total,2006-01-01,673.474
Badajoz,Total,2005-01-01,671.299
Badajoz,Total,2004-01-01,663.896
Badajoz,Total,2003-01-01,663.142
Badajoz,Total,2002-01-01,662.808
Badajoz,Total,2001-01-01,664.251
Badajoz,Total,2000-01-01,661.874
Illes Balears,Total,2021-01-01,1.173.008
Illes Balears,Total,2020-01-01,1.171.543
Illes Balears,Total,2019-01-01,1.149.460
Illes Balears,Total,2018-01-01,1.128.908
Illes Balears,Total,2017-01-01,1.115.999
Illes Balears,Total,2016-01-01,1.107.220
Illes Balears,Total,2015-01-01,1.104.479
Illes Balears,Total,2014-01-01,1.103.442
Illes Balears,Total,2013-01-01,1.111.674
Illes Balears,Total,2012-01-01,1.119.439
Illes Balears,Total,2011-01-01,1.113.114
Illes Balears,Total,2010-01-01,1.106.049
Illes Balears,Total,2009-01-01,1.095.426
Illes Balears,Total,2008-01-01,1.072.844
Illes Balears,Total,2007-01-01,1.030.650
Illes Balears,Total,2006-01-01,1.001.062
Illes Balears,Total,2005-01-01,983.131
Illes Balears,Total,2004-01-01,955.045
Illes Balears,Total,2003-01-01,947.361
Illes Balears,Total,2002-01-01,916.968
Illes Balears,Total,2001-01-01,878.627
Illes Balears,Total,2000-01-01,845.630
Barcelona,Total,2021-01-01,5.714.730
Barcelona,Total,2020-01-01,5.743.402
Barcelona,Total,2019-01-01,5.664.579
Barcelona,Total,2018-01-01,5.609.350
Barcelona,Total,2017-01-01,5.576.037
Barcelona,Total,2016-01-01,5.542.680
Barcelona,Total,2015-01-01,5.523.922
Barcelona,Total,2014-01-01,5.523.784
Barcelona,Total,2013-01-01,5.540.925
Barcelona,Total,2012-01-01,5.552.050
Barcelona,Total,2011-01-01,5.529.099
Barcelona,Total,2010-01-01,5.511.147
Barcelona,Total,2009-01-01,5.487.935
Barcelona,Total,2008-01-01,5.416.447
Barcelona,Total,2007-01-01,5.332.513
Barcelona,Total,2006-01-01,5.309.404
Barcelona,Total,2005-01-01,5.226.354
Barcelona,Total,2004-01-01,5.117.885
Barcelona,Total,2003-01-01,5.052.666
Barcelona,Total,2002-01-01,4.906.117
Barcelona,Total,2001-01-01,4.804.606
Barcelona,Total,2000-01-01,4.736.277
Bizkaia,Total,2021-01-01,1.154.334
Bizkaia,Total,2020-01-01,1.159.443
Bizkaia,Total,2019-01-01,1.152.651
Bizkaia,Total,2018-01-01,1.149.628
Bizkaia,Total,2017-01-01,1.148.302
Bizkaia,Total,2016-01-01,1.147.576
Bizkaia,Total,2015-01-01,1.148.775
Bizkaia,Total,2014-01-01,1.151.905
Bizkaia,Total,2013-01-01,1.156.447
Bizkaia,Total,2012-01-01,1.158.439
Bizkaia,Total,2011-01-01,1.155.772
Bizkaia,Total,2010-01-01,1.153.724
Bizkaia,Total,2009-01-01,1.152.658
Bizkaia,Total,2008-01-01,1.146.421
Bizkaia,Total,2007-01-01,1.141.457
Bizkaia,Total,2006-01-01,1.139.863
Bizkaia,Total,2005-01-01,1.136.181
Bizkaia,Total,2004-01-01,1.132.861
Bizkaia,Total,2003-01-01,1.133.428
Bizkaia,Total,2002-01-01,1.133.444
Bizkaia,Total,2001-01-01,1.132.616
Bizkaia,Total,2000-01-01,1.132.729
Burgos,Total,2021-01-01,356.055
Burgos,Total,2020-01-01,357.650
Burgos,Total,2019-01-01,356.958
Burgos,Total,2018-01-01,357.070
Burgos,Total,2017-01-01,358.171
Burgos,Total,2016-01-01,360.995
Burgos,Total,2015-01-01,364.002
Burgos,Total,2014-01-01,366.900
Burgos,Total,2013-01-01,371.248
Burgos,Total,2012-01-01,374.970
Burgos,Total,2011-01-01,375.657
Burgos,Total,2010-01-01,374.826
Burgos,Total,2009-01-01,375.563
Burgos,Total,2008-01-01,373.672
Burgos,Total,2007-01-01,365.972
Burgos,Total,2006-01-01,363.874
Burgos,Total,2005-01-01,361.021
Burgos,Total,2004-01-01,356.437
Burgos,Total,2003-01-01,355.205
Burgos,Total,2002-01-01,352.723
Burgos,Total,2001-01-01,349.810
Burgos,Total,2000-01-01,347.240
Caceres,Total,2021-01-01,389.558
Caceres,Total,2020-01-01,391.850
Caceres,Total,2019-01-01,394.151
Caceres,Total,2018-01-01,396.487
Caceres,Total,2017-01-01,400.036
Caceres,Total,2016-01-01,403.665
Caceres,Total,2015-01-01,406.267
Caceres,Total,2014-01-01,408.703
Caceres,Total,2013-01-01,410.275
Caceres,Total,2012-01-01,413.597
Caceres,Total,2011-01-01,415.446
Caceres,Total,2010-01-01,415.083
Caceres,Total,2009-01-01,413.633
Caceres,Total,2008-01-01,412.498
Caceres,Total,2007-01-01,411.531
Caceres,Total,2006-01-01,412.899
Caceres,Total,2005-01-01,412.580
Caceres,Total,2004-01-01,411.390
Caceres,Total,2003-01-01,410.762
Caceres,Total,2002-01-01,410.242
Caceres,Total,2001-01-01,409.130
Caceres,Total,2000-01-01,407.546
Cadiz,Total,2021-01-01,1.245.960
Cadiz,Total,2020-01-01,1.244.049
Cadiz,Total,2019-01-01,1.240.155
Cadiz,Total,2018-01-01,1.238.714
Cadiz,Total,2017-01-01,1.239.435
Cadiz,Total,2016-01-01,1.239.889
Cadiz,Total,2015-01-01,1.240.284
Cadiz,Total,2014-01-01,1.240.175
Cadiz,Total,2013-01-01,1.238.492
Cadiz,Total,2012-01-01,1.245.164
Cadiz,Total,2011-01-01,1.243.519
Cadiz,Total,2010-01-01,1.236.739
Cadiz,Total,2009-01-01,1.230.594
Cadiz,Total,2008-01-01,1.220.467
Cadiz,Total,2007-01-01,1.207.343
Cadiz,Total,2006-01-01,1.194.062
Cadiz,Total,2005-01-01,1.180.817
Cadiz,Total,2004-01-01,1.164.374
Cadiz,Total,2003-01-01,1.155.724
Cadiz,Total,2002-01-01,1.140.793
Cadiz,Total,2001-01-01,1.131.346
Cadiz,Total,2000-01-01,1.125.105
Cantabria,Total,2021-01-01,584.507
Cantabria,Total,2020-01-01,582.905
Cantabria,Total,2019-01-01,581.078
Cantabria,Total,2018-01-01,580.229
Cantabria,Total,2017-01-01,580.295
Cantabria,Total,2016-01-01,582.206
Cantabria,Total,2015-01-01,585.179
Cantabria,Total,2014-01-01,588.656
Cantabria,Total,2013-01-01,591.888
Cantabria,Total,2012-01-01,593.861
Cantabria,Total,2011-01-01,593.121
Cantabria,Total,2010-01-01,592.250
Cantabria,Total,2009-01-01,589.235
Cantabria,Total,2008-01-01,582.138
Cantabria,Total,2007-01-01,572.824
Cantabria,Total,2006-01-01,568.091
Cantabria,Total,2005-01-01,562.309
Cantabria,Total,2004-01-01,554.784
Cantabria,Total,2003-01-01,549.690
Cantabria,Total,2002-01-01,542.275
Cantabria,Total,2001-01-01,537.606
Cantabria,Total,2000-01-01,531.159
Castellon/Castello,Total,2021-01-01,587.064
Castellon/Castello,Total,2020-01-01,585.590
Castellon/Castello,Total,2019-01-01,579.962
Castellon/Castello,Total,2018-01-01,576.898
Castellon/Castello,Total,2017-01-01,575.470
Castellon/Castello,Total,2016-01-01,579.245
Castellon/Castello,Total,2015-01-01,582.327
Castellon/Castello,Total,2014-01-01,587.508
Castellon/Castello,Total,2013-01-01,601.699
Castellon/Castello,Total,2012-01-01,604.564
Castellon/Castello,Total,2011-01-01,604.344
Castellon/Castello,Total,2010-01-01,604.274
Castellon/Castello,Total,2009-01-01,602.301
Castellon/Castello,Total,2008-01-01,594.915
Castellon/Castello,Total,2007-01-01,573.282
Castellon/Castello,Total,2006-01-01,559.761
Castellon/Castello,Total,2005-01-01,543.432
Castellon/Castello,Total,2004-01-01,527.345
Castellon/Castello,Total,2003-01-01,518.239
Castellon/Castello,Total,2002-01-01,501.237
Castellon/Castello,Total,2001-01-01,485.173
Castellon/Castello,Total,2000-01-01,474.385
Ciudad Real,Total,2021-01-01,492.591
Ciudad Real,Total,2020-01-01,495.045
Ciudad Real,Total,2019-01-01,495.761
Ciudad Real,Total,2018-01-01,499.100
Ciudad Real,Total,2017-01-01,502.578
Ciudad Real,Total,2016-01-01,506.888
Ciudad Real,Total,2015-01-01,513.713
Ciudad Real,Total,2014-01-01,519.613
Ciudad Real,Total,2013-01-01,524.962
Ciudad Real,Total,2012-01-01,530.250
Ciudad Real,Total,2011-01-01,530.175
Ciudad Real,Total,2010-01-01,529.453
Ciudad Real,Total,2009-01-01,527.273
Ciudad Real,Total,2008-01-01,522.343
Ciudad Real,Total,2007-01-01,510.122
Ciudad Real,Total,2006-01-01,506.864
Ciudad Real,Total,2005-01-01,500.060
Ciudad Real,Total,2004-01-01,492.914
Ciudad Real,Total,2003-01-01,487.670
Ciudad Real,Total,2002-01-01,484.338
Ciudad Real,Total,2001-01-01,478.581
Ciudad Real,Total,2000-01-01,476.633
Cordoba,Total,2021-01-01,776.789
Cordoba,Total,2020-01-01,781.451
Cordoba,Total,2019-01-01,782.979
Cordoba,Total,2018-01-01,785.240
Cordoba,Total,2017-01-01,788.219
Cordoba,Total,2016-01-01,791.610
Cordoba,Total,2015-01-01,795.611
Cordoba,Total,2014-01-01,799.402
Cordoba,Total,2013-01-01,802.422
Cordoba,Total,2012-01-01,804.498
Cordoba,Total,2011-01-01,805.857
Cordoba,Total,2010-01-01,805.108
Cordoba,Total,2009-01-01,803.998
Cordoba,Total,2008-01-01,798.822
Cordoba,Total,2007-01-01,792.182
Cordoba,Total,2006-01-01,788.287
Cordoba,Total,2005-01-01,784.376
Cordoba,Total,2004-01-01,779.870
Cordoba,Total,2003-01-01,775.944
Cordoba,Total,2002-01-01,771.131
Cordoba,Total,2001-01-01,769.625
Cordoba,Total,2000-01-01,769.237
A Coruna,Total,2021-01-01,1.120.134
A Coruna,Total,2020-01-01,1.121.815
A Coruna,Total,2019-01-01,1.119.596
A Coruna,Total,2018-01-01,1.119.351
A Coruna,Total,2017-01-01,1.120.294
A Coruna,Total,2016-01-01,1.122.799
A Coruna,Total,2015-01-01,1.127.196
A Coruna,Total,2014-01-01,1.132.735
A Coruna,Total,2013-01-01,1.138.161
A Coruna,Total,2012-01-01,1.143.911
A Coruna,Total,2011-01-01,1.147.124
A Coruna,Total,2010-01-01,1.146.458
A Coruna,Total,2009-01-01,1.145.488
A Coruna,Total,2008-01-01,1.139.121
A Coruna,Total,2007-01-01,1.132.792
A Coruna,Total,2006-01-01,1.129.141
A Coruna,Total,2005-01-01,1.126.707
A Coruna,Total,2004-01-01,1.121.344
A Coruna,Total,2003-01-01,1.120.814
A Coruna,Total,2002-01-01,1.111.886
A Coruna,Total,2001-01-01,1.108.002
A Coruna,Total,2000-01-01,1.108.419
Cuenca,Total,2021-01-01,195.516
Cuenca,Total,2020-01-01,196.139
Cuenca,Total,2019-01-01,196.329
Cuenca,Total,2018-01-01,197.222
Cuenca,Total,2017-01-01,198.718
Cuenca,Total,2016-01-01,201.071
Cuenca,Total,2015-01-01,203.841
Cuenca,Total,2014-01-01,207.449
Cuenca,Total,2013-01-01,211.899
Cuenca,Total,2012-01-01,218.036
Cuenca,Total,2011-01-01,219.138
Cuenca,Total,2010-01-01,217.716
Cuenca,Total,2009-01-01,217.363
Cuenca,Total,2008-01-01,215.274
Cuenca,Total,2007-01-01,211.375
Cuenca,Total,2006-01-01,208.616
Cuenca,Total,2005-01-01,207.974
Cuenca,Total,2004-01-01,204.546
Cuenca,Total,2003-01-01,202.982
Cuenca,Total,2002-01-01,201.614
Cuenca,Total,2001-01-01,201.526
Cuenca,Total,2000-01-01,201.053
Gipuzkoa,Total,2021-01-01,726.033
Gipuzkoa,Total,2020-01-01,727.121
Gipuzkoa,Total,2019-01-01,723.576
Gipuzkoa,Total,2018-01-01,720.592
Gipuzkoa,Total,2017-01-01,719.282
Gipuzkoa,Total,2016-01-01,717.832
Gipuzkoa,Total,2015-01-01,716.834
Gipuzkoa,Total,2014-01-01,715.148
Gipuzkoa,Total,2013-01-01,713.818
Gipuzkoa,Total,2012-01-01,712.097
Gipuzkoa,Total,2011-01-01,709.607
Gipuzkoa,Total,2010-01-01,707.263
Gipuzkoa,Total,2009-01-01,705.698
Gipuzkoa,Total,2008-01-01,701.056
Gipuzkoa,Total,2007-01-01,694.944
Gipuzkoa,Total,2006-01-01,691.895
Gipuzkoa,Total,2005-01-01,688.708
Gipuzkoa,Total,2004-01-01,686.513
Gipuzkoa,Total,2003-01-01,684.416
Gipuzkoa,Total,2002-01-01,682.977
Gipuzkoa,Total,2001-01-01,680.069
Gipuzkoa,Total,2000-01-01,679.370
Girona,Total,2021-01-01,786.596
Girona,Total,2020-01-01,781.788
Girona,Total,2019-01-01,771.044
Girona,Total,2018-01-01,761.947
Girona,Total,2017-01-01,755.716
Girona,Total,2016-01-01,753.576
Girona,Total,2015-01-01,753.054
Girona,Total,2014-01-01,756.156
Girona,Total,2013-01-01,761.632
Girona,Total,2012-01-01,761.627
Girona,Total,2011-01-01,756.810
Girona,Total,2010-01-01,753.046
Girona,Total,2009-01-01,747.782
Girona,Total,2008-01-01,731.864
Girona,Total,2007-01-01,706.185
Girona,Total,2006-01-01,687.331
Girona,Total,2005-01-01,664.506
Girona,Total,2004-01-01,636.198
Girona,Total,2003-01-01,619.692
Girona,Total,2002-01-01,598.112
Girona,Total,2001-01-01,579.650
Girona,Total,2000-01-01,565.599
Granada,Total,2021-01-01,921.338
Granada,Total,2020-01-01,919.168
Granada,Total,2019-01-01,914.678
Granada,Total,2018-01-01,912.075
Granada,Total,2017-01-01,912.938
Granada,Total,2016-01-01,915.392
Granada,Total,2015-01-01,917.297
Granada,Total,2014-01-01,919.455
Granada,Total,2013-01-01,919.319
Granada,Total,2012-01-01,922.928
Granada,Total,2011-01-01,924.550
Granada,Total,2010-01-01,918.072
Granada,Total,2009-01-01,907.428
Granada,Total,2008-01-01,901.220
Granada,Total,2007-01-01,884.099
Granada,Total,2006-01-01,876.184
Granada,Total,2005-01-01,860.898
Granada,Total,2004-01-01,841.687
Granada,Total,2003-01-01,828.107
Granada,Total,2002-01-01,818.959
Granada,Total,2001-01-01,812.637
Granada,Total,2000-01-01,809.004
Guadalajara,Total,2021-01-01,265.588
Guadalajara,Total,2020-01-01,261.995
Guadalajara,Total,2019-01-01,257.762
Guadalajara,Total,2018-01-01,254.308
Guadalajara,Total,2017-01-01,253.310
Guadalajara,Total,2016-01-01,252.882
Guadalajara,Total,2015-01-01,253.686
Guadalajara,Total,2014-01-01,255.426
Guadalajara,Total,2013-01-01,257.723
Guadalajara,Total,2012-01-01,259.537
Guadalajara,Total,2011-01-01,256.461
Guadalajara,Total,2010-01-01,251.563
Guadalajara,Total,2009-01-01,246.151
Guadalajara,Total,2008-01-01,237.787
Guadalajara,Total,2007-01-01,224.076
Guadalajara,Total,2006-01-01,213.505
Guadalajara,Total,2005-01-01,203.737
Guadalajara,Total,2004-01-01,193.913
Guadalajara,Total,2003-01-01,185.474
Guadalajara,Total,2002-01-01,177.761
Guadalajara,Total,2001-01-01,171.532
Guadalajara,Total,2000-01-01,165.347
Huelva,Total,2021-01-01,525.835
Huelva,Total,2020-01-01,524.278
Huelva,Total,2019-01-01,521.870
Huelva,Total,2018-01-01,519.932
Huelva,Total,2017-01-01,518.930
Huelva,Total,2016-01-01,519.596
Huelva,Total,2015-01-01,520.017
Huelva,Total,2014-01-01,519.229
Huelva,Total,2013-01-01,520.668
Huelva,Total,2012-01-01,522.862
Huelva,Total,2011-01-01,521.968
Huelva,Total,2010-01-01,518.081
Huelva,Total,2009-01-01,513.403
Huelva,Total,2008-01-01,507.915
Huelva,Total,2007-01-01,497.671
Huelva,Total,2006-01-01,492.174
Huelva,Total,2005-01-01,483.792
Huelva,Total,2004-01-01,476.707
Huelva,Total,2003-01-01,472.446
Huelva,Total,2002-01-01,464.934
Huelva,Total,2001-01-01,461.730
Huelva,Total,2000-01-01,458.998
Huesca,Total,2021-01-01,224.264
Huesca,Total,2020-01-01,222.687
Huesca,Total,2019-01-01,220.461
Huesca,Total,2018-01-01,219.345
Huesca,Total,2017-01-01,219.702
Huesca,Total,2016-01-01,221.079
Huesca,Total,2015-01-01,222.909
Huesca,Total,2014-01-01,224.909
Huesca,Total,2013-01-01,226.329
Huesca,Total,2012-01-01,227.609
Huesca,Total,2011-01-01,228.361
Huesca,Total,2010-01-01,228.566
Huesca,Total,2009-01-01,228.409
Huesca,Total,2008-01-01,225.271
Huesca,Total,2007-01-01,220.107
Huesca,Total,2006-01-01,218.023
Huesca,Total,2005-01-01,215.864
Huesca,Total,2004-01-01,212.901
Huesca,Total,2003-01-01,211.286
Huesca,Total,2002-01-01,208.963
Huesca,Total,2001-01-01,205.955
Huesca,Total,2000-01-01,205.430
Jaen,Total,2021-01-01,627.190
Jaen,Total,2020-01-01,631.381
Jaen,Total,2019-01-01,633.564
Jaen,Total,2018-01-01,638.099
Jaen,Total,2017-01-01,643.484
Jaen,Total,2016-01-01,648.250
Jaen,Total,2015-01-01,654.170
Jaen,Total,2014-01-01,659.033
Jaen,Total,2013-01-01,664.916
Jaen,Total,2012-01-01,670.242
Jaen,Total,2011-01-01,670.600
Jaen,Total,2010-01-01,670.761
Jaen,Total,2009-01-01,669.782
Jaen,Total,2008-01-01,667.438
Jaen,Total,2007-01-01,664.742
Jaen,Total,2006-01-01,662.751
Jaen,Total,2005-01-01,660.284
Jaen,Total,2004-01-01,654.458
Jaen,Total,2003-01-01,651.565
Jaen,Total,2002-01-01,647.387
Jaen,Total,2001-01-01,645.781
Jaen,Total,2000-01-01,645.711
Leon,Total,2021-01-01,451.706
Leon,Total,2020-01-01,456.439
Leon,Total,2019-01-01,460.001
Leon,Total,2018-01-01,463.746
Leon,Total,2017-01-01,468.316
Leon,Total,2016-01-01,473.604
Leon,Total,2015-01-01,479.395
Leon,Total,2014-01-01,484.694
Leon,Total,2013-01-01,489.752
Leon,Total,2012-01-01,494.451
Leon,Total,2011-01-01,497.799
Leon,Total,2010-01-01,499.284
Leon,Total,2009-01-01,500.169
Leon,Total,2008-01-01,500.200
Leon,Total,2007-01-01,497.387
Leon,Total,2006-01-01,498.223
Leon,Total,2005-01-01,495.902
Leon,Total,2004-01-01,492.720
Leon,Total,2003-01-01,495.998
Leon,Total,2002-01-01,496.655
Leon,Total,2001-01-01,499.517
Leon,Total,2000-01-01,502.155
Lleida,Total,2021-01-01,439.727
Lleida,Total,2020-01-01,438.517
Lleida,Total,2019-01-01,434.930
Lleida,Total,2018-01-01,432.866
Lleida,Total,2017-01-01,432.384
Lleida,Total,2016-01-01,434.041
Lleida,Total,2015-01-01,436.029
Lleida,Total,2014-01-01,438.001
Lleida,Total,2013-01-01,440.915
Lleida,Total,2012-01-01,443.032
Lleida,Total,2011-01-01,442.308
Lleida,Total,2010-01-01,439.768
Lleida,Total,2009-01-01,436.402
Lleida,Total,2008-01-01,426.872
Lleida,Total,2007-01-01,414.015
Lleida,Total,2006-01-01,407.496
Lleida,Total,2005-01-01,399.439
Lleida,Total,2004-01-01,385.092
Lleida,Total,2003-01-01,377.639
Lleida,Total,2002-01-01,371.055
Lleida,Total,2001-01-01,365.023
Lleida,Total,2000-01-01,361.590
Lugo,Total,2021-01-01,326.013
Lugo,Total,2020-01-01,327.946
Lugo,Total,2019-01-01,329.587
Lugo,Total,2018-01-01,331.327
Lugo,Total,2017-01-01,333.634
Lugo,Total,2016-01-01,336.527
Lugo,Total,2015-01-01,339.386
Lugo,Total,2014-01-01,342.748
Lugo,Total,2013-01-01,346.005
Lugo,Total,2012-01-01,348.902
Lugo,Total,2011-01-01,351.530
Lugo,Total,2010-01-01,353.504
Lugo,Total,2009-01-01,355.195
Lugo,Total,2008-01-01,355.549
Lugo,Total,2007-01-01,355.176
Lugo,Total,2006-01-01,356.595
Lugo,Total,2005-01-01,357.625
Lugo,Total,2004-01-01,358.452
Lugo,Total,2003-01-01,360.512
Lugo,Total,2002-01-01,361.782
Lugo,Total,2001-01-01,364.125
Lugo,Total,2000-01-01,365.619
Madrid,Total,2021-01-01,6.751.251
Madrid,Total,2020-01-01,6.779.888
Madrid,Total,2019-01-01,6.663.394
Madrid,Total,2018-01-01,6.578.079
Madrid,Total,2017-01-01,6.507.184
Madrid,Total,2016-01-01,6.466.996
Madrid,Total,2015-01-01,6.436.996
Madrid,Total,2014-01-01,6.454.440
Madrid,Total,2013-01-01,6.495.551
Madrid,Total,2012-01-01,6.498.560
Madrid,Total,2011-01-01,6.489.680
Madrid,Total,2010-01-01,6.458.684
Madrid,Total,2009-01-01,6.386.932
Madrid,Total,2008-01-01,6.271.638
Madrid,Total,2007-01-01,6.081.689
Madrid,Total,2006-01-01,6.008.183
Madrid,Total,2005-01-01,5.964.143
Madrid,Total,2004-01-01,5.804.829
Madrid,Total,2003-01-01,5.718.942
Madrid,Total,2002-01-01,5.527.152
Madrid,Total,2001-01-01,5.372.433
Madrid,Total,2000-01-01,5.205.408
Malaga,Total,2021-01-01,1.695.651
Malaga,Total,2020-01-01,1.685.920
Malaga,Total,2019-01-01,1.661.785
Malaga,Total,2018-01-01,1.641.121
Malaga,Total,2017-01-01,1.630.615
Malaga,Total,2016-01-01,1.629.298
Malaga,Total,2015-01-01,1.628.973
Malaga,Total,2014-01-01,1.621.968
Malaga,Total,2013-01-01,1.652.999
Malaga,Total,2012-01-01,1.641.098
Malaga,Total,2011-01-01,1.625.827
Malaga,Total,2010-01-01,1.609.557
Malaga,Total,2009-01-01,1.593.068
Malaga,Total,2008-01-01,1.563.261
Malaga,Total,2007-01-01,1.517.523
Malaga,Total,2006-01-01,1.491.287
Malaga,Total,2005-01-01,1.453.409
Malaga,Total,2004-01-01,1.397.925
Malaga,Total,2003-01-01,1.374.890
Malaga,Total,2002-01-01,1.330.010
Malaga,Total,2001-01-01,1.302.240
Malaga,Total,2000-01-01,1.278.851
Murcia,Total,2021-01-01,1.518.486
Murcia,Total,2020-01-01,1.511.251
Murcia,Total,2019-01-01,1.493.898
Murcia,Total,2018-01-01,1.478.509
Murcia,Total,2017-01-01,1.470.273
Murcia,Total,2016-01-01,1.464.847
Murcia,Total,2015-01-01,1.467.288
Murcia,Total,2014-01-01,1.466.818
Murcia,Total,2013-01-01,1.472.049
Murcia,Total,2012-01-01,1.474.449
Murcia,Total,2011-01-01,1.470.069
Murcia,Total,2010-01-01,1.461.979
Murcia,Total,2009-01-01,1.446.520
Murcia,Total,2008-01-01,1.426.109
Murcia,Total,2007-01-01,1.392.117
Murcia,Total,2006-01-01,1.370.306
Murcia,Total,2005-01-01,1.335.792
Murcia,Total,2004-01-01,1.294.694
Murcia,Total,2003-01-01,1.269.230
Murcia,Total,2002-01-01,1.226.993
Murcia,Total,2001-01-01,1.190.378
Murcia,Total,2000-01-01,1.149.328
Navarra,Total,2021-01-01,661.537
Navarra,Total,2020-01-01,661.197
Navarra,Total,2019-01-01,654.214
Navarra,Total,2018-01-01,647.554
Navarra,Total,2017-01-01,643.234
Navarra,Total,2016-01-01,640.647
Navarra,Total,2015-01-01,640.476
Navarra,Total,2014-01-01,640.790
Navarra,Total,2013-01-01,644.477
Navarra,Total,2012-01-01,644.566
Navarra,Total,2011-01-01,642.051
Navarra,Total,2010-01-01,636.924
Navarra,Total,2009-01-01,630.578
Navarra,Total,2008-01-01,620.377
Navarra,Total,2007-01-01,605.876
Navarra,Total,2006-01-01,601.874
Navarra,Total,2005-01-01,593.472
Navarra,Total,2004-01-01,584.734
Navarra,Total,2003-01-01,578.210
Navarra,Total,2002-01-01,569.628
Navarra,Total,2001-01-01,556.263
Navarra,Total,2000-01-01,543.757
Ourense,Total,2021-01-01,305.223
Ourense,Total,2020-01-01,306.650
Ourense,Total,2019-01-01,307.651
Ourense,Total,2018-01-01,309.293
Ourense,Total,2017-01-01,311.680
Ourense,Total,2016-01-01,314.853
Ourense,Total,2015-01-01,318.391
Ourense,Total,2014-01-01,322.293
Ourense,Total,2013-01-01,326.724
Ourense,Total,2012-01-01,330.257
Ourense,Total,2011-01-01,333.257
Ourense,Total,2010-01-01,335.219
Ourense,Total,2009-01-01,335.642
Ourense,Total,2008-01-01,336.099
Ourense,Total,2007-01-01,336.926
Ourense,Total,2006-01-01,338.671
Ourense,Total,2005-01-01,339.555
Ourense,Total,2004-01-01,340.258
Ourense,Total,2003-01-01,342.213
Ourense,Total,2002-01-01,343.768
Ourense,Total,2001-01-01,344.623
Ourense,Total,2000-01-01,345.241
Palencia,Total,2021-01-01,159.123
Palencia,Total,2020-01-01,160.321
Palencia,Total,2019-01-01,160.980
Palencia,Total,2018-01-01,162.035
Palencia,Total,2017-01-01,163.390
Palencia,Total,2016-01-01,164.644
Palencia,Total,2015-01-01,166.035
Palencia,Total,2014-01-01,167.609
Palencia,Total,2013-01-01,168.955
Palencia,Total,2012-01-01,170.713
Palencia,Total,2011-01-01,171.668
Palencia,Total,2010-01-01,172.510
Palencia,Total,2009-01-01,173.306
Palencia,Total,2008-01-01,173.454
Palencia,Total,2007-01-01,173.281
Palencia,Total,2006-01-01,173.153
Palencia,Total,2005-01-01,173.471
Palencia,Total,2004-01-01,173.990
Palencia,Total,2003-01-01,175.047
Palencia,Total,2002-01-01,176.125
Palencia,Total,2001-01-01,177.345
Palencia,Total,2000-01-01,178.316
Las Palmas,Total,2021-01-01,1.128.539
Las Palmas,Total,2020-01-01,1.131.065
Las Palmas,Total,2019-01-01,1.120.406
Las Palmas,Total,2018-01-01,1.109.175
Las Palmas,Total,2017-01-01,1.100.480
Las Palmas,Total,2016-01-01,1.097.800
Las Palmas,Total,2015-01-01,1.098.406
Las Palmas,Total,2014-01-01,1.100.027
Las Palmas,Total,2013-01-01,1.103.850
Las Palmas,Total,2012-01-01,1.100.813
Las Palmas,Total,2011-01-01,1.096.980
Las Palmas,Total,2010-01-01,1.090.605
Las Palmas,Total,2009-01-01,1.083.502
Las Palmas,Total,2008-01-01,1.070.032
Las Palmas,Total,2007-01-01,1.042.131
Las Palmas,Total,2006-01-01,1.024.186
Las Palmas,Total,2005-01-01,1.011.928
Las Palmas,Total,2004-01-01,987.128
Las Palmas,Total,2003-01-01,979.606
Las Palmas,Total,2002-01-01,951.037
Las Palmas,Total,2001-01-01,924.558
Las Palmas,Total,2000-01-01,897.595
Pontevedra,Total,2021-01-01,944.275
Pontevedra,Total,2020-01-01,945.408
Pontevedra,Total,2019-01-01,942.665
Pontevedra,Total,2018-01-01,941.772
Pontevedra,Total,2017-01-01,942.731
Pontevedra,Total,2016-01-01,944.346
Pontevedra,Total,2015-01-01,947.374
Pontevedra,Total,2014-01-01,950.919
Pontevedra,Total,2013-01-01,955.050
Pontevedra,Total,2012-01-01,958.428
Pontevedra,Total,2011-01-01,963.511
Pontevedra,Total,2010-01-01,962.472
Pontevedra,Total,2009-01-01,959.764
Pontevedra,Total,2008-01-01,953.400
Pontevedra,Total,2007-01-01,947.639
Pontevedra,Total,2006-01-01,943.117
Pontevedra,Total,2005-01-01,938.311
Pontevedra,Total,2004-01-01,930.931
Pontevedra,Total,2003-01-01,927.555
Pontevedra,Total,2002-01-01,919.934
Pontevedra,Total,2001-01-01,916.176
Pontevedra,Total,2000-01-01,912.621
La Rioja,Total,2021-01-01,319.796
La Rioja,Total,2020-01-01,319.914
La Rioja,Total,2019-01-01,316.798
La Rioja,Total,2018-01-01,315.675
La Rioja,Total,2017-01-01,315.381
La Rioja,Total,2016-01-01,315.794
La Rioja,Total,2015-01-01,317.053
La Rioja,Total,2014-01-01,319.002
La Rioja,Total,2013-01-01,322.027
La Rioja,Total,2012-01-01,323.609
La Rioja,Total,2011-01-01,322.955
La Rioja,Total,2010-01-01,322.415
La Rioja,Total,2009-01-01,321.702
La Rioja,Total,2008-01-01,317.501
La Rioja,Total,2007-01-01,308.968
La Rioja,Total,2006-01-01,306.377
La Rioja,Total,2005-01-01,301.084
La Rioja,Total,2004-01-01,293.553
La Rioja,Total,2003-01-01,287.390
La Rioja,Total,2002-01-01,281.614
La Rioja,Total,2001-01-01,270.400
La Rioja,Total,2000-01-01,264.178
Salamanca,Total,2021-01-01,327.338
Salamanca,Total,2020-01-01,329.245
Salamanca,Total,2019-01-01,330.119
Salamanca,Total,2018-01-01,331.473
Salamanca,Total,2017-01-01,333.603
Salamanca,Total,2016-01-01,335.985
Salamanca,Total,2015-01-01,339.395
Salamanca,Total,2014-01-01,342.459
Salamanca,Total,2013-01-01,345.548
Salamanca,Total,2012-01-01,350.564
Salamanca,Total,2011-01-01,352.986
Salamanca,Total,2010-01-01,353.619
Salamanca,Total,2009-01-01,354.608
Salamanca,Total,2008-01-01,353.404
Salamanca,Total,2007-01-01,351.326
Salamanca,Total,2006-01-01,353.110
Salamanca,Total,2005-01-01,352.414
Salamanca,Total,2004-01-01,350.984
Salamanca,Total,2003-01-01,348.271
Salamanca,Total,2002-01-01,347.120
Salamanca,Total,2001-01-01,350.209
Salamanca,Total,2000-01-01,349.733
Santa Cruz de Tenerife,Total,2021-01-01,1.044.405
Santa Cruz de Tenerife,Total,2020-01-01,1.044.887
Santa Cruz de Tenerife,Total,2019-01-01,1.032.983
Santa Cruz de Tenerife,Total,2018-01-01,1.018.510
Santa Cruz de Tenerife,Total,2017-01-01,1.007.641
Santa Cruz de Tenerife,Total,2016-01-01,1.004.124
Santa Cruz de Tenerife,Total,2015-01-01,1.001.900
Santa Cruz de Tenerife,Total,2014-01-01,1.004.788
Santa Cruz de Tenerife,Total,2013-01-01,1.014.829
Santa Cruz de Tenerife,Total,2012-01-01,1.017.531
Santa Cruz de Tenerife,Total,2011-01-01,1.029.789
Santa Cruz de Tenerife,Total,2010-01-01,1.027.914
Santa Cruz de Tenerife,Total,2009-01-01,1.020.490
Santa Cruz de Tenerife,Total,2008-01-01,1.005.936
Santa Cruz de Tenerife,Total,2007-01-01,983.820
Santa Cruz de Tenerife,Total,2006-01-01,971.647
Santa Cruz de Tenerife,Total,2005-01-01,956.352
Santa Cruz de Tenerife,Total,2004-01-01,928.412
Santa Cruz de Tenerife,Total,2003-01-01,915.262
Santa Cruz de Tenerife,Total,2002-01-01,892.718
Santa Cruz de Tenerife,Total,2001-01-01,856.808
Santa Cruz de Tenerife,Total,2000-01-01,818.681
Segovia,Total,2021-01-01,153.663
Segovia,Total,2020-01-01,153.478
Segovia,Total,2019-01-01,153.129
Segovia,Total,2018-01-01,153.342
Segovia,Total,2017-01-01,154.184
Segovia,Total,2016-01-01,155.652
Segovia,Total,2015-01-01,157.570
Segovia,Total,2014-01-01,159.303
Segovia,Total,2013-01-01,161.702
Segovia,Total,2012-01-01,163.701
Segovia,Total,2011-01-01,164.169
Segovia,Total,2010-01-01,164.268
Segovia,Total,2009-01-01,164.854
Segovia,Total,2008-01-01,163.899
Segovia,Total,2007-01-01,159.322
Segovia,Total,2006-01-01,156.598
Segovia,Total,2005-01-01,155.517
Segovia,Total,2004-01-01,152.640
Segovia,Total,2003-01-01,150.701
Segovia,Total,2002-01-01,149.286
Segovia,Total,2001-01-01,147.028
Segovia,Total,2000-01-01,146.613
Sevilla,Total,2021-01-01,1.947.852
Sevilla,Total,2020-01-01,1.950.219
Sevilla,Total,2019-01-01,1.942.389
Sevilla,Total,2018-01-01,1.939.887
Sevilla,Total,2017-01-01,1.939.527
Sevilla,Total,2016-01-01,1.939.775
Sevilla,Total,2015-01-01,1.941.480
Sevilla,Total,2014-01-01,1.941.355
Sevilla,Total,2013-01-01,1.942.155
Sevilla,Total,2012-01-01,1.938.974
Sevilla,Total,2011-01-01,1.928.962
Sevilla,Total,2010-01-01,1.917.097
Sevilla,Total,2009-01-01,1.900.224
Sevilla,Total,2008-01-01,1.875.462
Sevilla,Total,2007-01-01,1.849.268
Sevilla,Total,2006-01-01,1.835.077
Sevilla,Total,2005-01-01,1.813.908
Sevilla,Total,2004-01-01,1.792.420
Sevilla,Total,2003-01-01,1.782.862
Sevilla,Total,2002-01-01,1.758.720
Sevilla,Total,2001-01-01,1.747.441
Sevilla,Total,2000-01-01,1.734.917
Soria,Total,2021-01-01,88.747
Soria,Total,2020-01-01,88.884
Soria,Total,2019-01-01,88.636
Soria,Total,2018-01-01,88.600
Soria,Total,2017-01-01,88.903
Soria,Total,2016-01-01,90.040
Soria,Total,2015-01-01,91.006
Soria,Total,2014-01-01,92.221
Soria,Total,2013-01-01,93.291
Soria,Total,2012-01-01,94.522
Soria,Total,2011-01-01,95.223
Soria,Total,2010-01-01,95.258
Soria,Total,2009-01-01,95.101
Soria,Total,2008-01-01,94.646
Soria,Total,2007-01-01,93.593
Soria,Total,2006-01-01,93.503
Soria,Total,2005-01-01,92.773
Soria,Total,2004-01-01,91.652
Soria,Total,2003-01-01,90.954
Soria,Total,2002-01-01,91.487
Soria,Total,2001-01-01,91.314
Soria,Total,2000-01-01,90.911
Tarragona,Total,2021-01-01,822.309
Tarragona,Total,2020-01-01,816.772
Tarragona,Total,2019-01-01,804.664
Tarragona,Total,2018-01-01,795.902
Tarragona,Total,2017-01-01,791.693
Tarragona,Total,2016-01-01,792.299
Tarragona,Total,2015-01-01,795.101
Tarragona,Total,2014-01-01,800.962
Tarragona,Total,2013-01-01,810.178
Tarragona,Total,2012-01-01,814.199
Tarragona,Total,2011-01-01,811.401
Tarragona,Total,2010-01-01,808.420
Tarragona,Total,2009-01-01,803.301
Tarragona,Total,2008-01-01,788.895
Tarragona,Total,2007-01-01,757.795
Tarragona,Total,2006-01-01,730.466
Tarragona,Total,2005-01-01,704.907
Tarragona,Total,2004-01-01,674.144
Tarragona,Total,2003-01-01,654.149
Tarragona,Total,2002-01-01,631.156
Tarragona,Total,2001-01-01,612.086
Tarragona,Total,2000-01-01,598.533
Teruel,Total,2021-01-01,134.545
Teruel,Total,2020-01-01,134.176
Teruel,Total,2019-01-01,134.137
Teruel,Total,2018-01-01,134.572
Teruel,Total,2017-01-01,135.562
Teruel,Total,2016-01-01,136.977
Teruel,Total,2015-01-01,138.932
Teruel,Total,2014-01-01,140.365
Teruel,Total,2013-01-01,142.183
Teruel,Total,2012-01-01,143.728
Teruel,Total,2011-01-01,144.607
Teruel,Total,2010-01-01,145.277
Teruel,Total,2009-01-01,146.751
Teruel,Total,2008-01-01,146.324
Teruel,Total,2007-01-01,144.046
Teruel,Total,2006-01-01,142.160
Teruel,Total,2005-01-01,141.091
Teruel,Total,2004-01-01,139.333
Teruel,Total,2003-01-01,138.686
Teruel,Total,2002-01-01,137.342
Teruel,Total,2001-01-01,136.233
Teruel,Total,2000-01-01,136.473
Toledo,Total,2021-01-01,709.403
Toledo,Total,2020-01-01,703.772
Toledo,Total,2019-01-01,694.844
Toledo,Total,2018-01-01,687.391
Toledo,Total,2017-01-01,686.841
Toledo,Total,2016-01-01,688.672
Toledo,Total,2015-01-01,693.371
Toledo,Total,2014-01-01,699.136
Toledo,Total,2013-01-01,706.407
Toledo,Total,2012-01-01,711.228
Toledo,Total,2011-01-01,707.242
Toledo,Total,2010-01-01,697.959
Toledo,Total,2009-01-01,689.635
Toledo,Total,2008-01-01,670.203
Toledo,Total,2007-01-01,639.621
Toledo,Total,2006-01-01,615.618
Toledo,Total,2005-01-01,598.256
Toledo,Total,2004-01-01,578.060
Toledo,Total,2003-01-01,563.099
Toledo,Total,2002-01-01,546.538
Toledo,Total,2001-01-01,536.131
Toledo,Total,2000-01-01,527.965
Valencia,Total,2021-01-01,2.589.312
Valencia,Total,2020-01-01,2.591.875
Valencia,Total,2019-01-01,2.565.124
Valencia,Total,2018-01-01,2.547.986
Valencia,Total,2017-01-01,2.540.707
Valencia,Total,2016-01-01,2.544.264
Valencia,Total,2015-01-01,2.543.315
Valencia,Total,2014-01-01,2.548.898
Valencia,Total,2013-01-01,2.566.474
Valencia,Total,2012-01-01,2.580.792
Valencia,Total,2011-01-01,2.578.719
Valencia,Total,2010-01-01,2.581.147
Valencia,Total,2009-01-01,2.575.362
Valencia,Total,2008-01-01,2.543.209
Valencia,Total,2007-01-01,2.486.483
Valencia,Total,2006-01-01,2.463.592
Valencia,Total,2005-01-01,2.416.628
Valencia,Total,2004-01-01,2.358.919
Valencia,Total,2003-01-01,2.320.297
Valencia,Total,2002-01-01,2.267.503
Valencia,Total,2001-01-01,2.227.170
Valencia,Total,2000-01-01,2.201.200
Valladolid,Total,2021-01-01,519.361
Valladolid,Total,2020-01-01,520.649
Valladolid,Total,2019-01-01,519.546
Valladolid,Total,2018-01-01,519.851
Valladolid,Total,2017-01-01,521.130
Valladolid,Total,2016-01-01,523.679
Valladolid,Total,2015-01-01,526.288
Valladolid,Total,2014-01-01,529.157
Valladolid,Total,2013-01-01,532.284
Valladolid,Total,2012-01-01,534.280
Valladolid,Total,2011-01-01,534.874
Valladolid,Total,2010-01-01,533.640
Valladolid,Total,2009-01-01,532.575
Valladolid,Total,2008-01-01,529.019
Valladolid,Total,2007-01-01,521.661
Valladolid,Total,2006-01-01,519.249
Valladolid,Total,2005-01-01,514.674
Valladolid,Total,2004-01-01,510.863
Valladolid,Total,2003-01-01,506.302
Valladolid,Total,2002-01-01,501.157
Valladolid,Total,2001-01-01,497.961
Valladolid,Total,2000-01-01,495.690
Zamora,Total,2021-01-01,168.725
Zamora,Total,2020-01-01,170.588
Zamora,Total,2019-01-01,172.539
Zamora,Total,2018-01-01,174.549
Zamora,Total,2017-01-01,177.404
Zamora,Total,2016-01-01,180.406
Zamora,Total,2015-01-01,183.436
Zamora,Total,2014-01-01,185.432
Zamora,Total,2013-01-01,188.270
Zamora,Total,2012-01-01,191.612
Zamora,Total,2011-01-01,193.383
Zamora,Total,2010-01-01,194.214
Zamora,Total,2009-01-01,195.665
Zamora,Total,2008-01-01,197.221
Zamora,Total,2007-01-01,197.237
Zamora,Total,2006-01-01,197.492
Zamora,Total,2005-01-01,198.045
Zamora,Total,2004-01-01,198.524
Zamora,Total,2003-01-01,199.688
Zamora,Total,2002-01-01,200.678
Zamora,Total,2001-01-01,202.356
Zamora,Total,2000-01-01,203.469
Zaragoza,Total,2021-01-01,967.452
Zaragoza,Total,2020-01-01,972.528
Zaragoza,Total,2019-01-01,964.693
Zaragoza,Total,2018-01-01,954.811
Zaragoza,Total,2017-01-01,953.486
Zaragoza,Total,2016-01-01,950.507
Zaragoza,Total,2015-01-01,956.006
Zaragoza,Total,2014-01-01,960.111
Zaragoza,Total,2013-01-01,978.638
Zaragoza,Total,2012-01-01,978.130
Zaragoza,Total,2011-01-01,973.325
Zaragoza,Total,2010-01-01,973.252
Zaragoza,Total,2009-01-01,970.313
Zaragoza,Total,2008-01-01,955.323
Zaragoza,Total,2007-01-01,932.502
Zaragoza,Total,2006-01-01,917.288
Zaragoza,Total,2005-01-01,912.072
Zaragoza,Total,2004-01-01,897.350
Zaragoza,Total,2003-01-01,880.118
Zaragoza,Total,2002-01-01,871.209
Zaragoza,Total,2001-01-01,857.565
Zaragoza,Total,2000-01-01,848.006
Ceuta,Total,2021-01-01,83.517
Ceuta,Total,2020-01-01,84.202
Ceuta,Total,2019-01-01,84.777
Ceuta,Total,2018-01-01,85.144
Ceuta,Total,2017-01-01,84.959
Ceuta,Total,2016-01-01,84.519
Ceuta,Total,2015-01-01,84.263
Ceuta,Total,2014-01-01,84.963
Ceuta,Total,2013-01-01,84.180
Ceuta,Total,2012-01-01,84.018
Ceuta,Total,2011-01-01,82.376
Ceuta,Total,2010-01-01,80.579
Ceuta,Total,2009-01-01,78.674
Ceuta,Total,2008-01-01,77.389
Ceuta,Total,2007-01-01,76.603
Ceuta,Total,2006-01-01,75.861
Ceuta,Total,2005-01-01,75.276
Ceuta,Total,2004-01-01,74.654
Ceuta,Total,2003-01-01,74.931
Ceuta,Total,2002-01-01,76.152
Ceuta,Total,2001-01-01,75.694
Ceuta,Total,2000-01-01,75.241
Melilla,Total,2021-01-01,86.261
Melilla,Total,2020-01-01,87.076
Melilla,Total,2019-01-01,86.487
Melilla,Total,2018-01-01,86.384
Melilla,Total,2017-01-01,86.120
Melilla,Total,2016-01-01,86.026
Melilla,Total,2015-01-01,85.584
Melilla,Total,2014-01-01,84.509
Melilla,Total,2013-01-01,83.679
Melilla,Total,2012-01-01,80.802
Melilla,Total,2011-01-01,78.476
Melilla,Total,2010-01-01,76.034
Melilla,Total,2009-01-01,73.460
Melilla,Total,2008-01-01,71.448
Melilla,Total,2007-01-01,69.440
Melilla,Total,2006-01-01,66.871
Melilla,Total,2005-01-01,65.488
Melilla,Total,2004-01-01,68.016
Melilla,Total,2003-01-01,68.463
Melilla,Total,2002-01-01,69.184
Melilla,Total,2001-01-01,68.789
Melilla,Total,2000-01-01,66.263
